"","full_name","year_f1","age_f1","n_f1","n_jun","win","n_t","win_t","decade","rb"
"1","Andrea Kimi Antonelli",2025,18.5571526351814,0,5,4,5,5,2020,"other"
"2","Gabriel Bortoleto",2025,20.4188911704312,0,5,2,5,3,2020,"other"
"3","Isack Hadjar",2025,20.4626967830253,0,7,0,5,3,2020,"Red Bull"
"4","Franco Colapinto",2024,21.2676249144422,9,7,1,7,7,2020,"other"
"5","Jack Doohan",2024,21.8836413415469,1,8,0,8,4,2020,"other"
"6","Oliver Bearman",2024,18.8364134154689,3,6,2,6,3,2020,"other"
"7","Liam Lawson",2023,21.5386721423682,11,10,2,9,6,2020,"Red Bull"
"8","Logan Sargeant",2023,22.1738535249829,36,8,0,7,0,2020,"other"
"9","Oscar Piastri",2023,21.9110198494182,46,5,3,5,5,2020,"other"
"10","Guanyu Zhou",2022,22.8062970568104,68,9,1,9,2,2020,"other"
"11","Nyck de Vries",2022,27.5947980835045,11,9,3,8,7,2020,"other"
"12","Mick Schumacher",2021,22.0177960301164,44,8,2,7,6,2020,"other"
"13","Nikita Mazepin",2021,22.072553045859,22,8,0,8,2,2020,"other"
"14","Yuki Tsunoda",2021,20.8788501026694,90,7,2,6,3,2020,"Red Bull"
"15","Jack Aitken",2020,25.2046543463381,1,10,2,9,4,2020,"other"
"16","Nicholas Latifi",2020,25.0184804928131,61,10,0,9,1,2020,"other"
"17","Pietro Fittipaldi",2020,24.4490075290897,2,8,3,6,3,2020,"other"
"18","Alexander Albon",2019,22.9815195071869,105,8,0,7,3,2010,"other"
"19","George Russell",2019,21.0814510609172,128,6,3,6,5,2010,"other"
"20","Lando Norris",2019,19.3401779603012,128,6,5,6,6,2010,"other"
"21","Charles Leclerc",2018,20.4380561259411,149,4,2,4,4,2010,"other"
"22","Sergey Sirotkin",2018,22.5763175906913,21,7,1,5,4,2010,"other"
"23","Antonio Giovinazzi",2017,23.2799452429843,62,6,1,6,4,2010,"other"
"24","Brendon Hartley",2017,27.9479808350445,25,11,1,8,4,2010,"other"
"25","Lance Stroll",2017,18.4065708418891,168,4,3,4,3,2010,"other"
"26","Pierre Gasly",2017,21.6481861738535,154,6,2,5,3,2010,"Red Bull"
"27","Esteban Ocon",2016,19.9452429842574,156,5,2,5,3,2010,"other"
"28","Jolyon Palmer",2016,25.1635865845311,37,8,1,4,1,2010,"other"
"29","Pascal Wehrlein",2016,21.4209445585216,39,3,1,3,3,2010,"other"
"30","Rio Haryanto",2016,23.1567419575633,12,10,1,8,5,2010,"other"
"31","Stoffel Vandoorne",2016,24.0219028062971,42,7,3,4,4,2010,"other"
"32","Alexander Rossi",2015,23.9863107460643,5,10,1,6,4,2010,"other"
"33","Carlos Sainz Jr",2015,20.5338809034908,208,7,2,7,4,2010,"Red Bull"
"34","Felipe Nasr",2015,22.5626283367556,40,6,2,6,5,2010,"other"
"35","Max Verstappen",2015,17.4537987679671,209,1,0,1,1,2010,"Red Bull"
"36","Roberto Merhi",2015,24.0191649555099,13,9,1,9,8,2010,"other"
"37","Andre Lotterer",2014,32.7611225188227,1,4,1,3,2,2010,"other"
"38","Daniil Kvyat",2014,19.8877481177276,112,7,2,7,4,2010,"Red Bull"
"39","Kevin Magnussen",2014,21.4428473648186,186,7,2,7,4,2010,"other"
"40","Marcus Ericsson",2014,23.5345653661875,97,7,2,6,5,2010,"other"
"41","Will Stevens",2014,23.4058863791923,19,6,0,6,3,2010,"other"
"42","Esteban Gutierrez",2013,21.6153319644079,59,6,2,6,4,2010,"other"
"43","Giedo van der Garde",2013,27.8932238193018,19,12,1,12,7,2010,"other"
"44","Jules Bianchi",2013,23.6194387405886,34,7,2,6,4,2010,"other"
"45","Max Chilton",2013,21.9055441478439,35,7,0,4,2,2010,"other"
"46","Valtteri Bottas",2013,23.5509924709103,247,6,3,5,4,2010,"other"
"47","Charles Pic",2012,22.0862422997947,39,8,0,6,3,2010,"other"
"48","Jean Eric Vergne",2012,21.8973305954825,58,7,2,6,4,2010,"Red Bull"
"49","Daniel Ricciardo",2011,22.0232717316906,257,7,2,6,6,2010,"Red Bull"
"50","Jerome d'Ambrosio",2011,25.2457221081451,20,10,2,8,4,2010,"other"
"51","Pastor Maldonado",2011,26.0479123887748,96,8,2,7,4,2010,"other"
"52","Paul di Resta",2011,24.9445585215606,59,4,1,3,2,2010,"other"
"53","Sergio Perez",2011,21.1635865845311,283,7,0,4,3,2010,"other"
"54","Bruno Senna",2010,26.4120465434634,46,5,0,5,3,2010,"other"
"55","Karun Chandhok",2010,26.1492128678987,11,7,2,5,1,2010,"other"
"56","Lucas di Grassi",2010,25.5879534565366,19,7,0,6,6,2010,"other"
"57","Nico Hulkenberg",2010,22.5681040383299,230,5,3,4,3,2010,"other"
"58","Vitaly Petrov",2010,25.5112936344969,58,9,1,7,3,2010,"other"
"59","Jaime Alguersuari",2009,19.3429158110883,46,7,1,7,1,2000,"Red Bull"
"60","Kamui Kobayashi",2009,23.0965092402464,76,10,3,9,4,2000,"other"
"61","Romain Grosjean",2009,23.3511293634497,181,7,4,5,3,2000,"other"
"62","Sebastien Buemi",2009,20.4079397672827,55,6,0,3,2,2000,"Red Bull"
"63","Nelson Piquet Jr",2008,22.6420260095825,28,5,2,2,2,2000,"other"
"64","Sebastien Bourdais",2008,29.0458590006845,27,8,2,7,4,2000,"other"
"65","Adrian Sutil",2007,24.1806981519507,128,5,2,3,2,2000,"other"
"66","Heikki Kovalainen",2007,25.409993155373,112,5,1,5,4,2000,"other"
"67","Kazuki Nakajima",2007,22.7734428473648,36,5,1,4,1,2000,"other"
"68","Lewis Hamilton",2007,22.1902806297057,356,5,3,5,5,2000,"other"
"69","Markus Winkelhock",2007,27.1047227926078,1,7,0,4,2,2000,"other"
"70","Sebastian Vettel",2007,19.9561943874059,300,4,1,4,3,2000,"Red Bull"
"71","Franck Montagny",2006,28.3340177960301,7,9,3,8,7,2000,"other"
"72","Nico Rosberg",2006,20.7063655030801,206,4,2,4,4,2000,"other"
"73","Robert Kubica",2006,21.6618754277892,99,6,1,6,4,2000,"other"
"74","Sakon Yamamoto",2006,24.0574948665298,21,4,0,3,0,2000,"other"
"75","Scott Speed",2006,23.129363449692,28,5,2,3,3,2000,"Red Bull"
"76","Yuji Ide",2006,31.1375770020534,4,5,1,2,0,2000,"other"
"77","Christijan Albers",2005,25.8891170431211,46,4,2,3,1,2000,"other"
"78","Narain Karthikeyan",2005,28.1396303901437,48,6,1,4,3,2000,"other"
"79","Patrick Friesacher",2005,24.4407939767283,11,5,0,3,1,2000,"other"
"80","Robert Doornbos",2005,23.8329911019849,11,4,0,3,1,2000,"other"
"81","Tiago Monteiro",2005,28.6160164271047,37,6,0,6,3,2000,"other"
"82","Vitantonio Liuzzi",2005,24.7145790554415,81,4,1,4,3,2000,"Red Bull"
"83","Christian Klien",2004,21.07871321013,51,5,1,5,4,2000,"Red Bull"
"84","Gianmaria Bruni",2004,22.7707049965777,18,4,1,3,3,2000,"other"
"85","Giorgio Pantano",2004,25.0869267624914,14,4,1,3,3,2000,"other"
"86","Timo Glock",2004,22.2395619438741,95,3,1,1,1,2000,"other"
"87","Antonio Pizzonia",2003,22.4887063655031,20,3,1,2,0,2000,"other"
"88","Cristiano da Matta",2003,29.4674880219028,28,2,0,2,2,2000,"other"
"89","Justin Wilson",2003,24.6050650239562,16,4,1,4,2,2000,"other"
"90","Nicolas Kiesa",2003,25.4182067077344,5,3,0,2,2,2000,"other"
"91","Ralph Firman",2003,27.8028747433265,14,1,0,1,1,2000,"other"
"92","Zsolt Baumgartner",2003,22.6420260095825,20,5,0,3,0,2000,"other"
"93","Allan McNish",2002,32.1752224503765,17,4,0,4,2,2000,"other"
"94","Anthony Davidson",2002,23.3347022587269,24,1,0,1,0,2000,"other"
"95","Felipe Massa",2002,20.8542094455852,271,3,3,3,3,2000,"other"
"96","Mark Webber",2002,25.514031485284,217,3,0,3,3,2000,"other"
"97","Takuma Sato",2002,25.0924024640657,91,2,1,2,2,2000,"other"
"98","Alex Yoong",2001,25.1581108829569,16,2,0,1,0,2000,"other"
"99","Enrique Bernoldi",2001,22.3737166324435,29,4,0,3,2,2000,"other"
"100","Fernando Alonso",2001,19.5975359342916,404,2,1,1,1,2000,"other"
"101","Juan Pablo Montoya",2001,25.4537987679671,95,2,1,2,2,2000,"other"
"102","Kimi Raikkonen",2001,21.3798767967146,352,1,1,1,1,2000,"other"
"103","Tomas Enge",2001,25.0130047912389,3,4,0,2,0,2000,"other"
"104","Gaston Mazzacane",2000,24.8459958932238,21,3,0,3,0,2000,"other"
"105","Jenson Button",2000,20.145106091718,309,1,0,1,1,2000,"other"
"106","Luciano Burti",2000,25.3661875427789,15,2,0,2,1,2000,"other"
"107","Nick Heidfeld",2000,22.839151266256,184,4,2,4,3,2000,"other"
"108","Marc Gene",1999,24.9390828199863,36,3,1,3,1,1990,"other"
"109","Pedro de la Rosa",1999,28.0301163586585,107,3,1,3,2,1990,"other"
"110","Ricardo Zonta",1999,22.9541409993155,38,2,1,1,1,1990,"other"
"111","Stephane Sarrazin",1999,23.4387405886379,1,3,0,2,2,1990,"other"
"112","Esteban Tuero",1998,19.8767967145791,16,NA,NA,NA,NA,1990,"other"
"113","Toranosuke Takagi",1998,24.0657084188912,32,1,0,0,0,1990,"other"
"114","Alexander Wurz",1997,23.3292265571526,69,3,0,2,2,1990,"other"
"115","Jarno Trulli",1997,22.6557152635181,256,2,1,1,0,1990,"other"
"116","Norberto Fontana",1997,22.4394250513347,4,2,1,2,2,1990,"other"
"117","Ralf Schumacher",1997,21.6919917864476,180,2,0,2,2,1990,"other"
"118","Shinji Nakano",1997,25.9383983572895,33,1,0,0,0,1990,"other"
"119","Vincenzo Sospiri",1997,30.4202600958248,1,4,1,4,3,1990,"other"
"120","Giancarlo Fisichella",1996,23.151266255989,231,NA,NA,NA,NA,1990,"other"
"121","Jacques Villeneuve",1996,24.9199178644764,165,NA,NA,NA,NA,1990,"other"
"122","Ricardo Rosset",1996,27.6194387405886,30,3,0,1,0,1990,"other"
"123","Tarso Marques",1996,20.1971252566735,26,2,0,1,1,1990,"other"
"124","Giovanni Lavaggi",1995,37.4428473648186,10,1,0,0,0,1990,"other"
"125","Jan Magnussen",1995,22.299794661191,25,1,1,1,1,1990,"other"
"126","Jean Christophe Boullion",1995,25.4154688569473,11,2,1,2,2,1990,"other"
"127","Massimiliano Papis",1995,25.782340862423,7,2,0,2,2,1990,"other"
"128","Pedro Diniz",1995,24.8432580424367,99,4,0,4,0,1990,"other"
"129","Andrea Montermini",1994,29.9958932238193,28,3,0,2,1,1990,"other"
"130","David Coulthard",1994,23.1731690622861,247,3,0,2,2,1990,"other"
"131","Domenico Schiattarella",1994,26.9130732375086,7,NA,NA,NA,NA,1990,"other"
"132","Franck Lagorce",1994,26.1793292265572,2,2,0,2,1,1990,"other"
"133","Heinz Harald Frentzen",1994,26.8583162217659,159,2,0,1,0,1990,"other"
"134","Hideki Noda",1994,25.6098562628337,3,5,0,4,1,1990,"other"
"135","Jean Denis Deletraz",1994,31.1184120465435,3,2,0,1,0,1990,"other"
"136","Jos Verstappen",1994,22.0616016427105,107,1,1,1,1,1990,"other"
"137","Mika Salo",1994,27.9342915811088,111,1,0,1,1,1990,"other"
"138","Olivier Beretta",1994,24.3394934976044,10,2,0,1,1,1990,"other"
"139","Olivier Panis",1994,27.564681724846,158,2,1,2,1,1990,"other"
"140","Philippe Adams",1994,24.7720739219713,2,2,0,1,0,1990,"other"
"141","Roland Ratzenberger",1994,33.7275838466804,3,NA,NA,NA,NA,1990,"other"
"142","Taki Inoue",1994,31.170431211499,18,1,0,1,0,1990,"other"
"143","Eddie Irvine",1993,27.9534565366188,147,2,0,2,2,1990,"other"
"144","Jean Marc Gounon",1993,30.8117727583847,9,3,0,3,2,1990,"other"
"145","Luca Badoer",1993,22.1327857631759,58,1,1,1,1,1990,"other"
"146","Marco Apicella",1993,27.9315537303217,1,5,0,4,3,1990,"other"
"147","Michael Andretti",1993,30.4394250513347,13,NA,NA,NA,NA,1990,"other"
"148","Pedro Lamy",1993,21.4811772758385,32,2,1,2,2,1990,"other"
"149","Rubens Barrichello",1993,20.807665982204,326,2,1,1,1,1990,"other"
"150","Toshio Suzuki",1993,38.6255989048597,2,NA,NA,NA,NA,1990,"other"
"151","Andrea Chiesa",1992,27.8193018480493,10,4,0,3,3,1990,"other"
"152","Christian Fittipaldi",1992,21.1170431211499,43,2,1,2,1,1990,"other"
"153","Damon Hill",1992,31.6249144421629,122,2,0,2,1,1990,"other"
"154","Emanuele Naspetti",1992,24.5147159479808,6,3,0,3,1,1990,"other"
"155","Giovanna Amati",1992,32.6160164271047,3,3,0,1,0,1990,"other"
"156","Paul Belmondo",1992,28.8569472963723,27,5,0,5,2,1990,"other"
"157","Perry McCarthy",1992,31.1676933607118,7,NA,NA,NA,NA,1990,"other"
"158","Ukyo Katayama",1992,28.7583846680356,97,NA,NA,NA,NA,1990,"other"
"159","Alessandro Zanardi",1991,24.933607118412,44,1,0,1,1,1990,"other"
"160","Eric van de Poele",1991,29.4401095140315,29,2,0,1,1,1990,"other"
"161","Erik Comas",1991,27.4469541409993,63,2,1,2,2,1990,"other"
"162","Fabrizio Barbazza",1991,28.0711841204654,20,1,0,0,0,1990,"other"
"163","Karl Wendlinger",1991,22.8309377138946,42,1,0,0,0,1990,"other"
"164","Mark Blundell",1991,24.9199178644764,63,3,0,2,2,1990,"other"
"165","Michael Bartels",1991,23.3867214236824,4,1,0,0,0,1990,"other"
"166","Michael Schumacher",1991,22.6392881587953,308,1,1,1,1,1990,"other"
"167","Mika Hakkinen",1991,22.444900752909,165,1,1,1,1,1990,"other"
"168","Naoki Hattori",1991,25.3524982888433,2,NA,NA,NA,NA,1990,"other"
"169","Pedro Chaves",1991,26.0287474332649,13,1,0,0,0,1990,"other"
"170","Claudio Langes",1990,29.6399726214921,14,2,0,0,0,1990,"other"
"171","David Brabham",1990,24.684462696783,30,NA,NA,NA,NA,1990,"other"
"172","Gary Brabham",1990,28.9500342231348,2,2,0,1,1,1990,"other"
"173","Gianni Morbidelli",1990,22.1574264202601,70,1,0,0,0,1990,"other"
"174","Bertrand Gachot",1989,26.2559890485969,84,1,0,0,0,1980,"other"
"175","Emanuele Pirro",1989,27.4880219028063,40,2,0,1,1,1980,"other"
"176","Enrico Bertaggia",1989,24.9363449691992,6,1,0,0,0,1980,"other"
"177","Eric Bernard",1989,24.8733744010951,47,2,0,1,0,1980,"other"
"178","Gregor Foitek",1989,23.9972621492129,22,2,0,0,0,1980,"other"
"179","Jean Alesi",1989,25.0759753593429,202,2,1,2,2,1980,"other"
"180","Joachim Winkelhock",1989,28.4188911704312,7,NA,NA,NA,NA,1980,"other"
"181","Johnny Herbert",1989,24.7501711156742,165,NA,NA,NA,NA,1980,"other"
"182","Jyrki Jarvilehto",1989,23.64681724846,70,NA,NA,NA,NA,1980,"other"
"183","Martin Donnelly",1989,25.2867898699521,15,1,0,1,0,1980,"other"
"184","Olivier Grouillard",1989,30.5626283367556,62,3,0,2,0,1980,"other"
"185","Paolo Barilla",1989,28.5065023956194,15,2,0,1,0,1980,"other"
"186","Volker Weidler",1989,27.0225872689938,10,1,0,0,0,1980,"other"
"187","Aguri Suzuki",1988,28.1423682409309,88,NA,NA,NA,NA,1980,"other"
"188","Bernd Schneider",1988,23.7043121149897,32,NA,NA,NA,NA,1980,"other"
"189","Julian Bailey",1988,26.4832306639288,20,NA,NA,NA,NA,1980,"other"
"190","Luis Perez Sala",1988,28.8870636550308,32,2,0,2,1,1980,"other"
"191","Mauricio Gugelmin",1988,24.9555099247091,80,2,0,1,0,1980,"other"
"192","Oscar Larrauri",1988,33.6235455167693,21,NA,NA,NA,NA,1980,"other"
"193","Pierre Henri Raphanel",1988,27.4661190965092,17,3,0,3,0,1980,"other"
"194","Adrian Campos",1987,26.8172484599589,21,1,0,0,0,1980,"other"
"195","Franco Forini",1987,28.9555099247091,2,NA,NA,NA,NA,1980,"other"
"196","Gabriele Tarquini",1987,25.1690622861054,78,3,0,2,2,1980,"other"
"197","Nicola Larini",1987,23.4661190965092,75,NA,NA,NA,NA,1980,"other"
"198","Pascal Fabre",1987,27.2553045859001,12,1,0,0,0,1980,"other"
"199","Satoru Nakajima",1987,34.1300479123888,80,NA,NA,NA,NA,1980,"other"
"200","Stefano Modena",1987,24.5119780971937,81,1,1,1,1,1980,"other"
"201","Yannick Dalmas",1987,26.2231348391513,50,1,0,1,1,1980,"other"
"202","Alessandro Nannini",1986,26.7104722792608,77,NA,NA,NA,NA,1980,"other"
"203","Alex Caffi",1986,22.4722792607803,75,NA,NA,NA,NA,1980,"other"
"204","Allen Berg",1986,24.8898015058179,9,NA,NA,NA,NA,1980,"other"
"205","Johnny Dumfries",1986,27.9069130732375,16,NA,NA,NA,NA,1980,"other"
"206","Christian Danner",1985,27.4496919917864,47,1,1,1,1,1980,"other"
"207","Ivan Capelli",1985,22.3709787816564,98,1,0,0,0,1980,"other"
"208","Ayrton Senna",1984,24.0109514031485,162,NA,NA,NA,NA,1980,"other"
"209","Francois Hesnault",1984,27.233401779603,20,NA,NA,NA,NA,1980,"other"
"210","Gerhard Berger",1984,24.9801505817933,210,NA,NA,NA,NA,1980,"other"
"211","Huub Rothengatter",1984,29.6919917864476,28,NA,NA,NA,NA,1980,"other"
"212","Jo Gartner",1984,30.280629705681,8,NA,NA,NA,NA,1980,"other"
"213","Martin Brundle",1984,24.8158795345654,165,NA,NA,NA,NA,1980,"other"
"214","Philippe Alliot",1984,29.6618754277892,115,NA,NA,NA,NA,1980,"other"
"215","Philippe Streiff",1984,29.3223819301848,54,NA,NA,NA,NA,1980,"other"
"216","Pierluigi Martini",1984,23.3812457221081,123,NA,NA,NA,NA,1980,"other"
"217","Stefan Bellof",1984,26.3436002737851,22,NA,NA,NA,NA,1980,"other"
"218","Corrado Fabi",1983,21.9164955509925,18,NA,NA,NA,NA,1980,"other"
"219","Danny Sullivan",1983,33.0102669404517,15,NA,NA,NA,NA,1980,"other"
"220","Jean Louis Schlesser",1983,34.5927446954141,2,NA,NA,NA,NA,1980,"other"
"221","Johnny Cecotto",1983,27.129363449692,23,NA,NA,NA,NA,1980,"other"
"222","Jonathan Palmer",1983,26.880219028063,88,NA,NA,NA,NA,1980,"other"
"223","Kenny Acheson",1983,25.6317590691307,9,NA,NA,NA,NA,1980,"other"
"224","Thierry Boutsen",1983,25.8562628336756,164,NA,NA,NA,NA,1980,"other"
"225","Mauro Baldi",1982,27.9780971937029,41,NA,NA,NA,NA,1980,"other"
"226","Raul Boesel",1982,24.1368925393566,30,NA,NA,NA,NA,1980,"other"
"227","Riccardo Paletti",1982,23.6084873374401,8,NA,NA,NA,NA,1980,"other"
"228","Roberto Guerrero",1982,23.1868583162218,29,NA,NA,NA,NA,1980,"other"
"229","Roberto Moreno",1982,23.3894592744695,74,NA,NA,NA,NA,1980,"other"
"230","Teo Fabi",1982,26.8774811772758,71,NA,NA,NA,NA,1980,"other"
"231","Tommy Byrne",1982,24.2573579739904,5,NA,NA,NA,NA,1980,"other"
"232","Chico Serra",1981,24.1095140314853,32,NA,NA,NA,NA,1980,"other"
"233","Derek Warwick",1981,26.6830937713895,162,NA,NA,NA,NA,1980,"other"
"234","Eliseo Salazar",1981,26.3326488706366,37,NA,NA,NA,NA,1980,"other"
"235","Jacques Villeneuve Sr",1981,27.895961670089,3,NA,NA,NA,NA,1980,"other"
"236","Michele Alboreto",1981,24.3586584531143,215,NA,NA,NA,NA,1980,"other"
"237","Miguel Angel Guerra",1981,27.5373032169747,4,NA,NA,NA,NA,1980,"other"
"238","Piercarlo Ghinzani",1981,29.3333333333333,111,NA,NA,NA,NA,1980,"other"
"239","Ricardo Londono",1981,31.6386036960986,1,NA,NA,NA,NA,1980,"other"
"240","Siegfried Stohr",1981,28.4271047227926,13,NA,NA,NA,NA,1980,"other"
"241","Slim Borgudd",1981,34.4366872005476,15,NA,NA,NA,NA,1980,"other"
"242","Alain Prost",1980,24.8843258042437,202,NA,NA,NA,NA,1980,"other"
"243","Andrea de Cesaris",1980,21.3305954825462,214,NA,NA,NA,NA,1980,"other"
"244","Dave Kennedy",1980,26.9924709103354,7,NA,NA,NA,NA,1980,"other"
"245","Desire Wilson",1980,26.6283367556468,1,NA,NA,NA,NA,1980,"other"
"246","Kevin Cogan",1980,24.4955509924709,2,NA,NA,NA,NA,1980,"other"
"247","Manfred Winkelhock",1980,28.9418206707734,55,NA,NA,NA,NA,1980,"other"
"248","Mike Thackwell",1980,19.4223134839151,5,NA,NA,NA,NA,1980,"other"
"249","Nigel Mansell",1980,27.025325119781,192,NA,NA,NA,NA,1980,"other"
"250","Stefan Johansson",1980,23.3456536618754,103,NA,NA,NA,NA,1980,"other"
"251","Stephen South",1980,28.1095140314853,1,NA,NA,NA,NA,1980,"other"
"252","Tiff Needell",1980,28.5147159479808,2,NA,NA,NA,NA,1980,"other"
"253","Elio de Angelis",1979,20.8240930869268,110,NA,NA,NA,NA,1970,"other"
"254","Gianfranco Brancatelli",1979,29.2758384668036,3,NA,NA,NA,NA,1970,"other"
"255","Jan Lammers",1979,22.6365503080082,41,NA,NA,NA,NA,1970,"other"
"256","Marc Surer",1979,27.9753593429158,88,NA,NA,NA,NA,1970,"other"
"257","Patrick Gaillard",1979,27.3812457221081,5,NA,NA,NA,NA,1970,"other"
"258","Ricardo Zunino",1979,30.4640657084189,11,NA,NA,NA,NA,1970,"other"
"259","Alberto Colombo",1978,32.2381930184805,3,NA,NA,NA,NA,1970,"other"
"260","Beppe Gabbiani",1978,21.7440109514031,17,NA,NA,NA,NA,1970,"other"
"261","Bobby Rahal",1978,25.7221081451061,2,NA,NA,NA,NA,1970,"other"
"262","Carlo Franchi",1978,40.6899383983573,1,NA,NA,NA,NA,1970,"other"
"263","Derek Daly",1978,25.0595482546201,64,NA,NA,NA,NA,1970,"other"
"264","Didier Pironi",1978,25.8069815195072,72,NA,NA,NA,NA,1970,"other"
"265","Eddie Cheever",1978,20.0136892539357,143,NA,NA,NA,NA,1970,"other"
"266","Geoff Lees",1978,27.2087611225188,12,NA,NA,NA,NA,1970,"other"
"267","Keke Rosberg",1978,29.2402464065708,128,NA,NA,NA,NA,1970,"other"
"268","Nelson Piquet",1978,25.9493497604381,207,NA,NA,NA,NA,1970,"other"
"269","Rene Arnoux",1978,29.6646132785763,164,NA,NA,NA,NA,1970,"other"
"270","Andy Sutcliffe",1977,30.1875427789185,1,NA,NA,NA,NA,1970,"other"
"271","Bernard de Dryver",1977,24.7091033538672,1,NA,NA,NA,NA,1970,"other"
"272","Brian McGuire",1977,31.5893223819302,1,NA,NA,NA,NA,1970,"other"
"273","Bruno Giacomelli",1977,25.0020533880903,82,NA,NA,NA,NA,1970,"other"
"274","Danny Ongais",1977,35.3675564681725,6,NA,NA,NA,NA,1970,"other"
"275","Gilles Villeneuve",1977,27.4907597535934,68,NA,NA,NA,NA,1970,"other"
"276","Giorgio Francia",1977,29.8425735797399,2,NA,NA,NA,NA,1970,"other"
"277","Hans Heyer",1977,34.3764544832307,1,NA,NA,NA,NA,1970,"other"
"278","Hector Rebaque",1977,21.3305954825462,58,NA,NA,NA,NA,1970,"other"
"279","Kunimitsu Takahashi",1977,37.7330595482546,1,NA,NA,NA,NA,1970,"other"
"280","Lamberto Leoni",1977,24.3011635865845,5,NA,NA,NA,NA,1970,"other"
"281","Michael Bleekemolen",1977,27.9041752224504,5,NA,NA,NA,NA,1970,"other"
"282","Mikko Kozarowitzky",1977,29.0896646132786,2,NA,NA,NA,NA,1970,"other"
"283","Patrick Tambay",1977,28.0219028062971,122,NA,NA,NA,NA,1970,"other"
"284","Riccardo Patrese",1977,23.0965092402464,257,NA,NA,NA,NA,1970,"other"
"285","Rupert Keegan",1977,22.1957563312799,37,NA,NA,NA,NA,1970,"other"
"286","Alessandro Pesenti Rossi",1976,33.9192334017796,4,NA,NA,NA,NA,1970,"other"
"287","Alex Ribeiro",1976,27.9233401779603,20,NA,NA,NA,NA,1970,"other"
"288","Boy Lunger",1976,27.3237508555784,7,NA,NA,NA,NA,1970,"other"
"289","Conny Andersson",1976,36.6707734428474,5,NA,NA,NA,NA,1970,"other"
"290","Divina Galica",1976,31.9288158795346,3,NA,NA,NA,NA,1970,"other"
"291","Emilio Zapico",1976,31.9315537303217,1,NA,NA,NA,NA,1970,"other"
"292","Emilio de Villota",1976,29.7686516084873,14,NA,NA,NA,NA,1970,"other"
"293","Gunnar Nilsson",1976,27.2908966461328,32,NA,NA,NA,NA,1970,"other"
"294","Hans Binder",1976,28.1752224503765,15,NA,NA,NA,NA,1970,"other"
"295","Ingo Hoffmann",1976,22.9048596851472,6,NA,NA,NA,NA,1970,"other"
"296","Jac Nelleman",1976,32.1505817932923,1,NA,NA,NA,NA,1970,"other"
"297","Kazuyoshi Hoshino",1976,29.3169062286105,2,NA,NA,NA,NA,1970,"other"
"298","Loris Kessel",1976,26.0862422997947,6,NA,NA,NA,NA,1970,"other"
"299","Masahiro Hasemi",1976,30.9459274469541,1,NA,NA,NA,NA,1970,"other"
"300","Noritake Takahara",1976,25.3853524982888,2,NA,NA,NA,NA,1970,"other"
"301","Otto Stuppacher",1976,29.5304585900068,3,NA,NA,NA,NA,1970,"other"
"302","Patrick Neve",1976,26.590006844627,13,NA,NA,NA,NA,1970,"other"
"303","Warwick Brown",1976,26.7953456536619,1,NA,NA,NA,NA,1970,"other"
"304","Alan Jones",1975,28.4818617385353,117,NA,NA,NA,NA,1970,"other"
"305","Bob Evans",1975,27.7207392197125,12,NA,NA,NA,NA,1970,"other"
"306","Brett Lunger",1975,29.7549623545517,42,NA,NA,NA,NA,1970,"other"
"307","Brian Henton",1975,28.829568788501,37,NA,NA,NA,NA,1970,"other"
"308","Damien Magee",1975,29.555099247091,2,NA,NA,NA,NA,1970,"other"
"309","Dave Morgan",1975,30.9459274469541,1,NA,NA,NA,NA,1970,"other"
"310","Guy Tunmer",1975,26.2450376454483,1,NA,NA,NA,NA,1970,"other"
"311","Harald Ertl",1975,26.92128678987,29,NA,NA,NA,NA,1970,"other"
"312","Hiroshi Fushida",1975,29.284052019165,2,NA,NA,NA,NA,1970,"other"
"313","Jim Crawford",1975,27.4277891854894,2,NA,NA,NA,NA,1970,"other"
"314","Jo Vonlanthen",1975,33.2128678986995,1,NA,NA,NA,NA,1970,"other"
"315","Michel Leclere",1975,29.5496235455168,8,NA,NA,NA,NA,1970,"other"
"316","Renzo Zorzi",1975,28.7364818617385,7,NA,NA,NA,NA,1970,"other"
"317","Roelof Wunderink",1975,26.3709787816564,6,NA,NA,NA,NA,1970,"other"
"318","Tony Brise",1975,23.0800821355236,10,NA,NA,NA,NA,1970,"other"
"319","Tony Trimmer",1975,32.5229295003422,6,NA,NA,NA,NA,1970,"other"
"320","Torsten Palm",1975,27.8001368925394,2,NA,NA,NA,NA,1970,"other"
"321","Bertil Roos",1974,30.6584531143053,1,NA,NA,NA,NA,1970,"other"
"322","Carlo Facetti",1974,39.2032854209446,1,NA,NA,NA,NA,1970,"other"
"323","Dieter Quester",1974,35.2197125256674,1,NA,NA,NA,NA,1970,"other"
"324","Gerard Larrousse",1974,33.968514715948,2,NA,NA,NA,NA,1970,"other"
"325","Guy Edwards",1974,31.0390143737166,16,NA,NA,NA,NA,1970,"other"
"326","Hans Joachim Stuck",1974,23.0335386721424,81,NA,NA,NA,NA,1970,"other"
"327","Helmuth Koinigg",1974,25.7878165639973,3,NA,NA,NA,NA,1970,"other"
"328","Ian Ashley",1974,26.7734428473648,11,NA,NA,NA,NA,1970,"other"
"329","Ian Scheckter",1974,26.6036960985626,20,NA,NA,NA,NA,1970,"other"
"330","Jacques Laffite",1974,30.7022587268994,180,NA,NA,NA,NA,1970,"other"
"331","Jean Pierre Jabouille",1974,31.7645448323066,55,NA,NA,NA,NA,1970,"other"
"332","John Nicholson",1974,32.7857631759069,2,NA,NA,NA,NA,1970,"other"
"333","Jose Dolhem",1974,30.1957563312799,3,NA,NA,NA,NA,1970,"other"
"334","Larry Perkins",1974,24.3805612594114,15,NA,NA,NA,NA,1970,"other"
"335","Lella Lombardi",1974,33.3169062286105,17,NA,NA,NA,NA,1970,"other"
"336","Leo Kinnunen",1974,30.7679671457906,6,NA,NA,NA,NA,1970,"other"
"337","Mike Wilds",1974,28.5311430527036,8,NA,NA,NA,NA,1970,"other"
"338","Richard Robarts",1974,29.3086926762491,4,NA,NA,NA,NA,1970,"other"
"339","Teddy Pilette",1974,31.7946611909651,4,NA,NA,NA,NA,1970,"other"
"340","Tom Belso",1974,31.5893223819302,4,NA,NA,NA,NA,1970,"other"
"341","Tom Pryce",1974,24.9171800136893,42,NA,NA,NA,NA,1970,"other"
"342","Vern Schuppan",1974,31.1485284052019,12,NA,NA,NA,NA,1970,"other"
"343","Vittorio Brambilla",1974,36.3805612594114,78,NA,NA,NA,NA,1970,"other"
"344","David Purley",1973,28.3504449007529,11,NA,NA,NA,NA,1970,"other"
"345","Eddie Keizan",1973,28.4709103353867,3,NA,NA,NA,NA,1970,"other"
"346","George Follmer",1973,39.0965092402464,12,NA,NA,NA,NA,1970,"other"
"347","Graham McRae",1973,33.3579739904175,1,NA,NA,NA,NA,1970,"other"
"348","James Hunt",1973,25.7631759069131,93,NA,NA,NA,NA,1970,"other"
"349","Jochen Mass",1973,26.7871321013005,114,NA,NA,NA,NA,1970,"other"
"350","John Watson",1973,27.1950718685832,154,NA,NA,NA,NA,1970,"other"
"351","Luiz Bueno",1973,36.0711841204654,1,NA,NA,NA,NA,1970,"other"
"352","Rikky von Opel",1973,25.7138945927447,13,NA,NA,NA,NA,1970,"other"
"353","Roger Williamson",1973,25.4455852156057,2,NA,NA,NA,NA,1970,"other"
"354","Arturo Merzario",1972,29.347022587269,84,NA,NA,NA,NA,1970,"other"
"355","Carlos Pace",1972,27.4086242299795,73,NA,NA,NA,NA,1970,"other"
"356","Carlos Reutemann",1972,29.782340862423,146,NA,NA,NA,NA,1970,"other"
"357","Francois Migault",1972,27.6906228610541,15,NA,NA,NA,NA,1970,"other"
"358","Jody Scheckter",1972,22.6913073237509,113,NA,NA,NA,NA,1970,"other"
"359","Patrick Depailler",1972,27.895961670089,95,NA,NA,NA,NA,1970,"other"
"360","Wilson Fittipaldi",1972,28.3504449007529,38,NA,NA,NA,NA,1970,"other"
"361","Chris Craft",1971,31.8384668035592,2,NA,NA,NA,NA,1970,"other"
"362","David Walker",1971,30.0260095824778,11,NA,NA,NA,NA,1970,"other"
"363","Francois Mazet",1971,28.3559206023272,1,NA,NA,NA,NA,1970,"other"
"364","Gijs van Lennep",1971,29.2621492128679,9,NA,NA,NA,NA,1970,"other"
"365","Helmut Marko",1971,28.3011635865845,9,NA,NA,NA,NA,1970,"other"
"366","Howden Ganley",1971,29.1964407939767,39,NA,NA,NA,NA,1970,"other"
"367","Jean Pierre Jarier",1971,25.1553730321697,143,NA,NA,NA,NA,1970,"other"
"368","John Cannon",1971,38.2833675564682,1,NA,NA,NA,NA,1970,"other"
"369","Mark Donohue",1971,34.5051334702259,15,NA,NA,NA,NA,1970,"other"
"370","Max Jean",1971,27.937029431896,1,NA,NA,NA,NA,1970,"other"
"371","Mike Beuttler",1971,31.2580424366872,29,NA,NA,NA,NA,1970,"other"
"372","Niki Lauda",1971,22.4750171115674,174,NA,NA,NA,NA,1970,"other"
"373","Sam Posey",1971,27.3538672142368,2,NA,NA,NA,NA,1970,"other"
"374","Skip Barber",1971,34.5133470225873,6,NA,NA,NA,NA,1970,"other"
"375","Alex Soler Roig",1970,37.4702258726899,9,NA,NA,NA,NA,1970,"other"
"376","Clay Regazzoni",1970,30.7926078028747,138,NA,NA,NA,NA,1970,"other"
"377","Emerson Fittipaldi",1970,23.5975359342916,149,NA,NA,NA,NA,1970,"other"
"378","Francois Cevert",1970,26.3189596167009,47,NA,NA,NA,NA,1970,"other"
"379","Gus Hutchison",1970,33.4401095140315,1,NA,NA,NA,NA,1970,"other"
"380","Ignazio Giunti",1970,28.7693360711841,4,NA,NA,NA,NA,1970,"other"
"381","Nanni Galli",1970,29.927446954141,17,NA,NA,NA,NA,1970,"other"
"382","Peter Gethin",1970,30.3299110198494,30,NA,NA,NA,NA,1970,"other"
"383","Peter Westbury",1970,32.3586584531143,1,NA,NA,NA,NA,1970,"other"
"384","Reine Wisell",1970,29.0102669404517,23,NA,NA,NA,NA,1970,"other"
"385","Rolf Stommelen",1970,26.6557152635181,61,NA,NA,NA,NA,1970,"other"
"386","Ronnie Peterson",1970,26.2340862422998,123,NA,NA,NA,NA,1970,"other"
"387","Tim Schenken",1970,26.8884325804244,36,NA,NA,NA,NA,1970,"other"
"388","George Eaton",1969,23.895961670089,13,NA,NA,NA,NA,1960,"other"
"389","John Cordts",1969,34.1629021218344,1,NA,NA,NA,NA,1960,"other"
"390","John Miles",1969,26.0616016427105,15,NA,NA,NA,NA,1960,"other"
"391","Andrea de Adamich",1968,26.2450376454483,36,NA,NA,NA,NA,1960,"other"
"392","Basil van Rooyen",1968,28.703627652293,2,NA,NA,NA,NA,1960,"other"
"393","Bill Brack",1968,32.7419575633128,3,NA,NA,NA,NA,1960,"other"
"394","Bobby Unser",1968,34.6255989048597,1,NA,NA,NA,NA,1960,"other"
"395","Brian Redman",1968,30.8145106091718,13,NA,NA,NA,NA,1960,"other"
"396","Derek Bell",1968,26.8555783709788,14,NA,NA,NA,NA,1960,"other"
"397","Henri Pescarolo",1968,25.9931553730322,59,NA,NA,NA,NA,1960,"other"
"398","Mario Andretti",1968,28.6050650239562,129,NA,NA,NA,NA,1960,"other"
"399","Robin Widdows",1968,26.1492128678987,1,NA,NA,NA,NA,1960,"other"
"400","Vic Elford",1968,33.0759753593429,13,NA,NA,NA,NA,1960,"other"
"401","Al Pease",1967,45.864476386037,2,NA,NA,NA,NA,1960,"other"
"402","Alan Rees",1967,29.5030800821355,2,NA,NA,NA,NA,1960,"other"
"403","Brian Hart",1967,30.9103353867214,1,NA,NA,NA,NA,1960,"other"
"404","David Hobbs",1967,28.0985626283368,7,NA,NA,NA,NA,1960,"other"
"405","Eppie Wietzes",1967,29.2484599589322,2,NA,NA,NA,NA,1960,"other"
"406","Hubert Hahne",1967,32.3586584531143,3,NA,NA,NA,NA,1960,"other"
"407","Jackie Oliver",1967,24.9774127310062,51,NA,NA,NA,NA,1960,"other"
"408","Jacky Ickx",1967,22.5927446954141,121,NA,NA,NA,NA,1960,"other"
"409","Jean Pierre Beltoise",1967,30.0287474332649,87,NA,NA,NA,NA,1960,"other"
"410","Jo Schlesser",1967,39.2169746748802,2,NA,NA,NA,NA,1960,"other"
"411","Johnny Servoz Gavin",1967,25.2977412731006,12,NA,NA,NA,NA,1960,"other"
"412","Jonathan Williams",1967,24.9883641341547,1,NA,NA,NA,NA,1960,"other"
"413","Kurt Ahrens",1967,27.296372347707,2,NA,NA,NA,NA,1960,"other"
"414","Luki Botha",1967,36.9609856262834,1,NA,NA,NA,NA,1960,"other"
"415","Mike Fisher",1967,24.4572210814511,2,NA,NA,NA,NA,1960,"other"
"416","Piers Courage",1967,24.6023271731691,29,NA,NA,NA,NA,1960,"other"
"417","Silvio Moser",1967,26.2231348391513,18,NA,NA,NA,NA,1960,"other"
"418","Tom Jones",1967,24.3367556468172,1,NA,NA,NA,NA,1960,"other"
"419","Chris Irwin",1966,24.0520191649555,10,NA,NA,NA,NA,1960,"other"
"420","Chris Lawrence",1966,32.9691991786448,2,NA,NA,NA,NA,1960,"other"
"421","Guy Ligier",1966,35.8603696098563,13,NA,NA,NA,NA,1960,"other"
"422","Alan Rollinson",1965,22.154688569473,1,NA,NA,NA,NA,1960,"other"
"423","Alex Blignaut",1965,32.0876112251882,1,NA,NA,NA,NA,1960,"other"
"424","Bob Bondurant",1965,32.435318275154,9,NA,NA,NA,NA,1960,"other"
"425","Brian Gubby",1965,31.2306639288159,1,NA,NA,NA,NA,1960,"other"
"426","Clive Puzey",1965,23.4770704996578,1,NA,NA,NA,NA,1960,"other"
"427","Dave Charlton",1965,28.1806981519507,13,NA,NA,NA,NA,1960,"other"
"428","David Clapham",1965,33.6262833675565,1,NA,NA,NA,NA,1960,"other"
"429","Denny Hulme",1965,28.9472963723477,112,NA,NA,NA,NA,1960,"other"
"430","Giorgio Bassi",1965,31.6440793976728,1,NA,NA,NA,NA,1960,"other"
"431","Jackie Pretorius",1965,30.1108829568789,4,NA,NA,NA,NA,1960,"other"
"432","Jackie Stewart",1965,25.5605749486653,100,NA,NA,NA,NA,1960,"other"
"433","John Rhodes",1965,37.8945927446954,1,NA,NA,NA,NA,1960,"other"
"434","Paul Hawkins",1965,27.2224503764545,3,NA,NA,NA,NA,1960,"other"
"435","Ray Reed",1965,32.6735112936345,1,NA,NA,NA,NA,1960,"other"
"436","Frank Gardner",1964,33.7768651608487,9,NA,NA,NA,NA,1960,"other"
"437","Giacomo Russo",1964,26.8720054757016,3,NA,NA,NA,NA,1960,"other"
"438","Jochen Rindt",1964,22.3490759753593,62,NA,NA,NA,NA,1960,"other"
"439","John Taylor",1964,31.3018480492813,5,NA,NA,NA,NA,1960,"other"
"440","Peter Revson",1964,25.1991786447639,31,NA,NA,NA,NA,1960,"other"
"441","Richard Attwood",1964,24.2683093771389,17,NA,NA,NA,NA,1960,"other"
"442","Ronnie Bucknum",1964,28.3258042436687,11,NA,NA,NA,NA,1960,"other"
"443","Bob Anderson",1963,32.1697467488022,26,NA,NA,NA,NA,1960,"other"
"444","Brausch Niemann",1963,24.9719370294319,2,NA,NA,NA,NA,1960,"other"
"445","Chris Amon",1963,19.8494182067077,106,NA,NA,NA,NA,1960,"other"
"446","David Prophet",1963,26.217659137577,2,NA,NA,NA,NA,1960,"other"
"447","Ernesto Brambilla",1963,29.6016427104723,1,NA,NA,NA,NA,1960,"other"
"448","Ernie de Vos",1963,22.2642026009582,1,NA,NA,NA,NA,1960,"other"
"449","Frank Dochnal",1963,43.0499657768652,1,NA,NA,NA,NA,1960,"other"
"450","Gerhard Mitter",1963,27.813826146475,5,NA,NA,NA,NA,1960,"other"
"451","Ian Raby",1963,41.82340862423,7,NA,NA,NA,NA,1960,"other"
"452","Ludovico Scarfiotti",1963,29.6399726214921,13,NA,NA,NA,NA,1960,"other"
"453","Mike Hailwood",1963,23.296372347707,51,NA,NA,NA,NA,1960,"other"
"454","Mike Spence",1963,26.6885694729637,36,NA,NA,NA,NA,1960,"other"
"455","Moises Solana",1963,27.8357289527721,8,NA,NA,NA,NA,1960,"other"
"456","Paddy Driver",1963,29.6262833675565,2,NA,NA,NA,NA,1960,"other"
"457","Pedro Rodriguez",1963,23.7152635181383,54,NA,NA,NA,NA,1960,"other"
"458","Peter Broeker",1963,37.3935660506502,1,NA,NA,NA,NA,1960,"other"
"459","Peter de Klerk",1963,28.7857631759069,4,NA,NA,NA,NA,1960,"other"
"460","Thomas Monarch",1963,18.1464750171116,1,NA,NA,NA,NA,1960,"other"
"461","Trevor Blokdyk",1963,28.0766598220397,2,NA,NA,NA,NA,1960,"other"
"462","Ben Pon",1962,25.4428473648186,1,NA,NA,NA,NA,1960,"other"
"463","Bruce Johnstone",1962,25.9110198494182,1,NA,NA,NA,NA,1960,"other"
"464","Carlo Abate",1962,29.9931553730322,2,NA,NA,NA,NA,1960,"other"
"465","Doug Serrurier",1962,42.0533880903491,3,NA,NA,NA,NA,1960,"other"
"466","Ernie Pieterse",1962,24.4873374401095,3,NA,NA,NA,NA,1960,"other"
"467","Gary Hocking",1962,25.2457221081451,1,NA,NA,NA,NA,1960,"other"
"468","Gunther Seiffert",1962,24.7967145790554,2,NA,NA,NA,NA,1960,"other"
"469","Heini Walter",1962,35.0225872689938,1,NA,NA,NA,NA,1960,"other"
"470","Heinz Schiller",1962,32.3915126625599,2,NA,NA,NA,NA,1960,"other"
"471","Jay Chamberlain",1962,36.5585215605749,3,NA,NA,NA,NA,1960,"other"
"472","Jo Siffert",1962,25.9055441478439,100,NA,NA,NA,NA,1960,"other"
"473","John Love",1962,38.0588637919233,10,NA,NA,NA,NA,1960,"other"
"474","Kurt Kuhnke",1962,52.3805612594114,2,NA,NA,NA,NA,1960,"other"
"475","Mike Harris",1962,23.5975359342916,1,NA,NA,NA,NA,1960,"other"
"476","Neville Lederle",1962,24.2600958247776,3,NA,NA,NA,NA,1960,"other"
"477","Peter Arundell",1962,28.662559890486,15,NA,NA,NA,NA,1960,"other"
"478","Rob Schroeder",1962,36.4079397672827,1,NA,NA,NA,NA,1960,"other"
"479","Rob Slotemaker",1962,32.933607118412,1,NA,NA,NA,NA,1960,"other"
"480","Sam Tingle",1962,41.347022587269,6,NA,NA,NA,NA,1960,"other"
"481","Syd van der Vyver",1962,42.5763175906913,1,NA,NA,NA,NA,1960,"other"
"482","Timmy Mayer",1962,24.621492128679,1,NA,NA,NA,NA,1960,"other"
"483","Tony Settember",1962,36.0301163586585,10,NA,NA,NA,NA,1960,"other"
"484","Tony Shelly",1962,25.4620123203285,3,NA,NA,NA,NA,1960,"other"
"485","Bernard Collomb",1961,30.735112936345,6,NA,NA,NA,NA,1960,"other"
"486","Ernesto Prinoth",1961,38.4065708418891,2,NA,NA,NA,NA,1960,"other"
"487","Gaetano Starrabba",1961,28.7693360711841,2,NA,NA,NA,NA,1960,"other"
"488","Geoff Duke",1961,38.3572895277207,1,NA,NA,NA,NA,1960,"other"
"489","Gerry Ashmore",1961,24.9719370294319,5,NA,NA,NA,NA,1960,"other"
"490","Giancarlo Baghetti",1961,26.5188227241615,26,NA,NA,NA,NA,1960,"other"
"491","Hap Sharp",1961,33.7686516084873,6,NA,NA,NA,NA,1960,"other"
"492","Jackie Lewis",1961,24.6269678302532,11,NA,NA,NA,NA,1960,"other"
"493","John Campbell Jones",1961,31.5400410677618,5,NA,NA,NA,NA,1960,"other"
"494","Juan Manuel Bordeu",1961,27.4250513347023,1,NA,NA,NA,NA,1960,"other"
"495","Ken Miles",1961,42.9349760438056,1,NA,NA,NA,NA,1960,"other"
"496","Lorenzo Bandini",1961,25.492128678987,44,NA,NA,NA,NA,1960,"other"
"497","Massimo Natili",1961,25.9657768651608,2,NA,NA,NA,NA,1960,"other"
"498","Menato Boffa",1961,31.6824093086927,1,NA,NA,NA,NA,1960,"other"
"499","Michael May",1961,26.7378507871321,4,NA,NA,NA,NA,1960,"other"
"500","Nino Vaccarella",1961,28.5201916495551,5,NA,NA,NA,NA,1960,"other"
"501","Peter Monteverdi",1961,27.1649555099247,1,NA,NA,NA,NA,1960,"other"
"502","Peter Ryan",1961,21.3278576317591,1,NA,NA,NA,NA,1960,"other"
"503","Renato Pirocchi",1961,28.3641341546886,2,NA,NA,NA,NA,1960,"other"
"504","Ricardo Rodriguez",1961,19.5701574264203,6,NA,NA,NA,NA,1960,"other"
"505","Roberto Bussinello",1961,33.9356605065024,4,NA,NA,NA,NA,1960,"other"
"506","Roberto Lippi",1961,34.8993839835729,3,NA,NA,NA,NA,1960,"other"
"507","Roger Penske",1961,24.6297056810404,2,NA,NA,NA,NA,1960,"other"
"508","Tony Maggs",1961,24.4271047227926,27,NA,NA,NA,NA,1960,"other"
"509","Walt Hansgen",1961,41.9466119096509,4,NA,NA,NA,NA,1960,"other"
"510","Alberto Rodriguez Larreta",1960,26.0643394934976,1,NA,NA,NA,NA,1960,"other"
"511","Alfonso Thiele",1960,40.4161533196441,2,NA,NA,NA,NA,1960,"other"
"512","Antonio Creus",1960,35.2772073921971,1,NA,NA,NA,NA,1960,"other"
"513","Arthur Owen",1960,45.4537987679671,1,NA,NA,NA,NA,1960,"other"
"514","Bob Drake",1960,40.9363449691992,1,NA,NA,NA,NA,1960,"other"
"515","Bud Tingelstad",1960,32.1533196440794,1,NA,NA,NA,NA,1960,"other"
"516","Chuck Daigh",1960,36.498288843258,6,NA,NA,NA,NA,1960,"other"
"517","Ettore Chimeri",1960,38.6776180698152,1,NA,NA,NA,NA,1960,"other"
"518","Fred Gamble",1960,28.4681724845996,1,NA,NA,NA,NA,1960,"other"
"519","Gino Munaron",1960,31.8494182067077,4,NA,NA,NA,NA,1960,"other"
"520","Jim Clark",1960,24.2573579739904,73,NA,NA,NA,NA,1960,"other"
"521","Jim Hall",1960,25.3305954825462,12,NA,NA,NA,NA,1960,"other"
"522","Jim Hurtubise",1960,27.482546201232,1,NA,NA,NA,NA,1960,"other"
"523","John Surtees",1960,26.2943189596167,112,NA,NA,NA,NA,1960,"other"
"524","Lance Reventlow",1960,24.2600958247776,4,NA,NA,NA,NA,1960,"other"
"525","Lloyd Ruby",1960,32.3805612594114,2,NA,NA,NA,NA,1960,"other"
"526","Nasif Estefano",1960,27.2197125256674,5,NA,NA,NA,NA,1960,"other"
"527","Piero Drogo",1960,34.0752908966461,1,NA,NA,NA,NA,1960,"other"
"528","Richie Ginther",1960,29.8151950718686,54,NA,NA,NA,NA,1960,"other"
"529","Roberto Bonomi",1960,40.3559206023272,1,NA,NA,NA,NA,1960,"other"
"530","Vic Wilson",1960,29.3935660506502,2,NA,NA,NA,NA,1960,"other"
"531","Wayne Weiler",1960,25.4729637234771,1,NA,NA,NA,NA,1960,"other"
"532","Willy Mairesse",1960,31.7152635181383,12,NA,NA,NA,NA,1960,"other"
"533","Alain de Changy",1959,37.2566735112936,1,NA,NA,NA,NA,1950,"other"
"534","Azdrubal Fontes",1959,36.5229295003422,1,NA,NA,NA,NA,1950,"other"
"535","Bill Moss",1959,25.8672142368241,1,NA,NA,NA,NA,1950,"other"
"536","Bob Said",1959,27.6030116358658,1,NA,NA,NA,NA,1950,"other"
"537","Bobby Grim",1959,34.7323750855578,2,NA,NA,NA,NA,1950,"other"
"538","Chris Bristow",1959,21.6235455167693,4,NA,NA,NA,NA,1950,"other"
"539","Chuck Arnold",1959,32.9993155373032,1,NA,NA,NA,NA,1950,"other"
"540","Colin Davis",1959,25.9329226557153,3,NA,NA,NA,NA,1950,"other"
"541","Dan Gurney",1959,28.227241615332,87,NA,NA,NA,NA,1950,"other"
"542","David Piper",1959,28.6242299794661,3,NA,NA,NA,NA,1950,"other"
"543","Dennis Taylor",1959,38.0971937029432,1,NA,NA,NA,NA,1950,"other"
"544","Don Branson",1959,38.9897330595483,2,NA,NA,NA,NA,1950,"other"
"545","Fritz d'Orey",1959,21.2785763175907,3,NA,NA,NA,NA,1950,"other"
"546","George Constantine",1959,41.8015058179329,1,NA,NA,NA,NA,1950,"other"
"547","Harry Blanchard",1959,30.4969199178645,1,NA,NA,NA,NA,1950,"other"
"548","Henry Taylor",1959,26.5845311430527,10,NA,NA,NA,NA,1950,"other"
"549","Innes Ireland",1959,28.9664613278576,55,NA,NA,NA,NA,1950,"other"
"550","Jean Lucienbonnet",1959,36.3367556468172,1,NA,NA,NA,NA,1950,"other"
"551","Jim McWithey",1959,31.9041752224504,2,NA,NA,NA,NA,1950,"other"
"552","Keith Greene",1959,21.5304585900068,7,NA,NA,NA,NA,1950,"other"
"553","Lucien Bianchi",1959,24.4955509924709,19,NA,NA,NA,NA,1950,"other"
"554","Mario de Araujo Cabral",1959,25.6016427104723,5,NA,NA,NA,NA,1950,"other"
"555","Mike Parkes",1959,27.813826146475,7,NA,NA,NA,NA,1950,"other"
"556","Mike Taylor",1959,25.2320328542094,2,NA,NA,NA,NA,1950,"other"
"557","Pete Lovely",1959,33.07871321013,11,NA,NA,NA,NA,1950,"other"
"558","Peter Ashdown",1959,24.7529089664613,1,NA,NA,NA,NA,1950,"other"
"559","Phil Cade",1959,43.4989733059548,1,NA,NA,NA,NA,1950,"other"
"560","Red Amick",1959,30.3572895277207,2,NA,NA,NA,NA,1950,"other"
"561","Tim Parnell",1959,27.0609171800137,4,NA,NA,NA,NA,1950,"other"
"562","Trevor Taylor",1959,22.5571526351814,29,NA,NA,NA,NA,1950,"other"
"563","Alan Stacey",1958,24.8870636550308,7,NA,NA,NA,NA,1950,"other"
"564","Andre Guelfi",1958,39.4551676933607,1,NA,NA,NA,NA,1950,"other"
"565","Andre Testut",1958,32.0958247775496,2,NA,NA,NA,NA,1950,"other"
"566","Anthony Foyt",1958,23.3675564681725,3,NA,NA,NA,NA,1950,"other"
"567","Art Bisch",1958,31.5509924709103,1,NA,NA,NA,NA,1950,"other"
"568","Bernie Ecclestone",1958,27.5537303216975,1,NA,NA,NA,NA,1950,"other"
"569","Bruce Kessler",1958,22.1519507186858,1,NA,NA,NA,NA,1950,"other"
"570","Bruce McLaren",1958,20.9253935660507,103,NA,NA,NA,NA,1950,"other"
"571","Carroll Shelby",1958,35.482546201232,9,NA,NA,NA,NA,1950,"other"
"572","Christian Goethals",1958,29.9958932238193,1,NA,NA,NA,NA,1950,"other"
"573","Cliff Allison",1958,26.2724161533196,18,NA,NA,NA,NA,1950,"other"
"574","Dempsey Wilson",1958,31.2197125256674,2,NA,NA,NA,NA,1950,"other"
"575","Francois Picard",1958,37.4811772758385,1,NA,NA,NA,NA,1950,"other"
"576","George Amick",1958,33.596167008898,1,NA,NA,NA,NA,1950,"other"
"577","Giulio Cabianca",1958,35.2416153319644,4,NA,NA,NA,NA,1950,"other"
"578","Graham Hill",1958,29.2511978097194,179,NA,NA,NA,NA,1950,"other"
"579","Ian Burgess",1958,28.0355920602327,26,NA,NA,NA,NA,1950,"other"
"580","Jerry Unser",1958,25.5359342915811,1,NA,NA,NA,NA,1950,"other"
"581","Jud Larson",1958,35.3538672142368,2,NA,NA,NA,NA,1950,"other"
"582","Ken Kavanagh",1958,34.4312114989733,1,NA,NA,NA,NA,1950,"other"
"583","Len Sutton",1958,32.8049281314168,3,NA,NA,NA,NA,1950,"other"
"584","Luigi Taramazzo",1958,26.0342231348392,1,NA,NA,NA,NA,1950,"other"
"585","Maria de Filippis",1958,31.5154004106776,5,NA,NA,NA,NA,1950,"other"
"586","Paul Goldsmith",1958,32.6570841889117,3,NA,NA,NA,NA,1950,"other"
"587","Phil Hill",1958,31.211498973306,52,NA,NA,NA,NA,1950,"other"
"588","Robert La Caze",1958,41.6427104722793,1,NA,NA,NA,NA,1950,"other"
"589","Tom Bridger",1958,24.3203285420945,1,NA,NA,NA,NA,1950,"other"
"590","Alessandro de Tomaso",1957,28.5119780971937,2,NA,NA,NA,NA,1950,"other"
"591","Bill Cheesbourg",1957,29.9657768651608,3,NA,NA,NA,NA,1950,"other"
"592","Brian Naylor",1957,34.3655030800821,9,NA,NA,NA,NA,1950,"other"
"593","Carel Godin de Beaufort",1957,23.3182751540041,31,NA,NA,NA,NA,1950,"other"
"594","Dick Gibson",1957,39.3018480492813,2,NA,NA,NA,NA,1950,"other"
"595","Don Edmunds",1957,26.6830937713895,1,NA,NA,NA,NA,1950,"other"
"596","Eddie Sachs",1957,30.0068446269678,4,NA,NA,NA,NA,1950,"other"
"597","Elmer George",1957,28.8733744010951,1,NA,NA,NA,NA,1950,"other"
"598","Herbert MacKay Fraser",1957,30.0396988364134,1,NA,NA,NA,NA,1950,"other"
"599","Ivor Bueb",1957,33.9520876112252,6,NA,NA,NA,NA,1950,"other"
"600","Masten Gregory",1957,25.2183436002738,46,NA,NA,NA,NA,1950,"other"
"601","Mike MacDowel",1957,24.8131416837782,1,NA,NA,NA,NA,1950,"other"
"602","Mike Magill",1957,37.305954825462,3,NA,NA,NA,NA,1950,"other"
"603","Paul England",1957,28.35318275154,1,NA,NA,NA,NA,1950,"other"
"604","Stuart Lewis Evans",1957,27.0800821355236,14,NA,NA,NA,NA,1950,"other"
"605","Tony Marsh",1957,26.0424366872005,9,NA,NA,NA,NA,1950,"other"
"606","Alfonso de Portago",1956,27.7207392197125,6,NA,NA,NA,NA,1950,"other"
"607","Andre Milhoux",1956,27.6550308008214,1,NA,NA,NA,NA,1950,"other"
"608","Archie Scott Brown",1956,29.1718001368925,1,NA,NA,NA,NA,1950,"other"
"609","Billy Garrett",1956,23.0992470910335,2,NA,NA,NA,NA,1950,"other"
"610","Bob Christie",1956,32.1533196440794,5,NA,NA,NA,NA,1950,"other"
"611","Bob Veith",1956,29.5770020533881,5,NA,NA,NA,NA,1950,"other"
"612","Bruce Halford",1956,25.1581108829569,9,NA,NA,NA,NA,1950,"other"
"613","Colin Chapman",1956,28.1177275838467,1,NA,NA,NA,NA,1950,"other"
"614","Desmond Titterington",1956,28.2026009582478,1,NA,NA,NA,NA,1950,"other"
"615","Gerino Gerini",1956,27.4496919917864,7,NA,NA,NA,NA,1950,"other"
"616","Giorgio Scarlatti",1956,34.611909650924,15,NA,NA,NA,NA,1950,"other"
"617","Jack Turner",1956,36.2956878850103,4,NA,NA,NA,NA,1950,"other"
"618","Jo Bonnier",1956,26.5872689938398,109,NA,NA,NA,NA,1950,"other"
"619","Johnnie Tolan",1956,38.6036960985626,3,NA,NA,NA,NA,1950,"other"
"620","Les Leston",1956,35.7125256673511,3,NA,NA,NA,NA,1950,"other"
"621","Olivier Gendebien",1956,32.0273785078713,17,NA,NA,NA,NA,1950,"other"
"622","Oscar Gonzalez",1956,32.1998631074606,1,NA,NA,NA,NA,1950,"other"
"623","Paul Emery",1956,39.668720054757,2,NA,NA,NA,NA,1950,"other"
"624","Piero Scotti",1956,46.5598904859685,1,NA,NA,NA,NA,1950,"other"
"625","Tony Brooks",1956,24.2135523613963,41,NA,NA,NA,NA,1950,"other"
"626","Wolfgang von Trips",1956,28.331279945243,28,NA,NA,NA,NA,1950,"other"
"627","Al Herman",1955,28.208076659822,5,NA,NA,NA,NA,1950,"other"
"628","Al Keller",1955,35.1321013004791,5,NA,NA,NA,NA,1950,"other"
"629","Alberto Uria",1955,30.5160848733744,2,NA,NA,NA,NA,1950,"other"
"630","Cesare Perdisa",1955,22.5817932922656,9,NA,NA,NA,NA,1950,"other"
"631","Chuck Weyant",1955,32.1560574948665,4,NA,NA,NA,NA,1950,"other"
"632","Eddie Russo",1955,29.5249828884326,4,NA,NA,NA,NA,1950,"other"
"633","Eugenio Castellotti",1955,24.2683093771389,17,NA,NA,NA,NA,1950,"other"
"634","Hernando da Silva Ramos",1955,29.5304585900068,8,NA,NA,NA,NA,1950,"other"
"635","Jack Brabham",1955,29.2867898699521,129,NA,NA,NA,NA,1950,"other"
"636","Jean Lucas",1955,38.3791923340178,1,NA,NA,NA,NA,1950,"other"
"637","Jesus Iglesias",1955,32.8980150581793,1,NA,NA,NA,NA,1950,"other"
"638","Johnny Boyd",1955,28.7775496235455,6,NA,NA,NA,NA,1950,"other"
"639","Keith Andrews",1955,34.9541409993155,2,NA,NA,NA,NA,1950,"other"
"640","Luigi Piotti",1955,41.8726899383984,9,NA,NA,NA,NA,1950,"other"
"641","Mike Sparken",1955,25.0814510609172,1,NA,NA,NA,NA,1950,"other"
"642","Ray Crawford",1955,39.5920602327173,3,NA,NA,NA,NA,1950,"other"
"643","Shorty Templeman",1955,35.7973990417522,3,NA,NA,NA,NA,1950,"other"
"644","Ted Whiteaway",1955,26.5516769336071,1,NA,NA,NA,NA,1950,"other"
"645","Bill Homeier",1954,35.7481177275838,3,NA,NA,NA,NA,1950,"other"
"646","Bill Whitehouse",1954,45.2922655715264,1,NA,NA,NA,NA,1950,"other"
"647","Clemar Bucci",1954,33.864476386037,5,NA,NA,NA,NA,1950,"other"
"648","Danny Kladis",1954,37.3004791238877,1,NA,NA,NA,NA,1950,"other"
"649","Don Beauman",1954,25.9739904175222,1,NA,NA,NA,NA,1950,"other"
"650","Ed Elisian",1954,27.4743326488706,5,NA,NA,NA,NA,1950,"other"
"651","Frank Armi",1954,35.6331279945243,1,NA,NA,NA,NA,1950,"other"
"652","Giovanni de Riu",1954,29.4893908281999,1,NA,NA,NA,NA,1950,"other"
"653","Horace Gould",1954,35.8220396988364,18,NA,NA,NA,NA,1950,"other"
"654","Jacques Pollet",1954,32.0054757015743,5,NA,NA,NA,NA,1950,"other"
"655","John Riseley Prichard",1954,30.4969199178645,1,NA,NA,NA,NA,1950,"other"
"656","Jorge Daponte",1954,30.6201232032854,2,NA,NA,NA,NA,1950,"other"
"657","Karl Kling",1954,43.7973990417522,12,NA,NA,NA,NA,1950,"other"
"658","Larry Crockett",1954,27.6030116358658,1,NA,NA,NA,NA,1950,"other"
"659","Len Duncan",1954,42.8501026694045,1,NA,NA,NA,NA,1950,"other"
"660","Leslie Marr",1954,31.9233401779603,2,NA,NA,NA,NA,1950,"other"
"661","Leslie Thorne",1954,38.0643394934976,1,NA,NA,NA,NA,1950,"other"
"662","Ottorino Volonterio",1954,36.8788501026694,3,NA,NA,NA,NA,1950,"other"
"663","Pat O'Connor",1954,25.6399726214921,5,NA,NA,NA,NA,1950,"other"
"664","Roger Loyer",1954,46.4531143052704,1,NA,NA,NA,NA,1950,"other"
"665","Ron Flockhart",1954,31.0855578370979,15,NA,NA,NA,NA,1950,"other"
"666","Adolfo Cruz",1953,29.5605749486653,1,NA,NA,NA,NA,1950,"other"
"667","Albert Scherrer",1953,45.4839151266256,1,NA,NA,NA,NA,1950,"other"
"668","Cal Niday",1953,39.0855578370979,3,NA,NA,NA,NA,1950,"other"
"669","Carlos Menditeguy",1953,38.4421629021218,12,NA,NA,NA,NA,1950,"other"
"670","Don Freeland",1953,28.1806981519507,8,NA,NA,NA,NA,1950,"other"
"671","Edgar Barth",1953,36.5147159479808,7,NA,NA,NA,NA,1950,"other"
"672","Ernie McCoy",1953,32.2737850787132,2,NA,NA,NA,NA,1950,"other"
"673","Ernst Loof",1953,46.0807665982204,1,NA,NA,NA,NA,1950,"other"
"674","Erwin Bauer",1953,41.0431211498973,1,NA,NA,NA,NA,1950,"other"
"675","Fred Wacker",1953,34.9486652977413,3,NA,NA,NA,NA,1950,"other"
"676","Georges Berger",1953,34.7679671457906,2,NA,NA,NA,NA,1950,"other"
"677","Hans Herrmann",1953,25.4401095140315,20,NA,NA,NA,NA,1950,"other"
"678","Hermann Lang",1953,44.3805612594114,2,NA,NA,NA,NA,1950,"other"
"679","Ian Stewart",1953,24.0082135523614,1,NA,NA,NA,NA,1950,"other"
"680","Jack Fairman",1953,40.3422313483915,13,NA,NA,NA,NA,1950,"other"
"681","Jimmy Daywalt",1953,28.7529089664613,7,NA,NA,NA,NA,1950,"other"
"682","Jimmy Stewart",1953,22.3682409308693,1,NA,NA,NA,NA,1950,"other"
"683","John Barber",1953,23.4934976043806,1,NA,NA,NA,NA,1950,"other"
"684","John Fitch",1953,36.1095140314853,2,NA,NA,NA,NA,1950,"other"
"685","Johnny Mantz",1953,34.6967830253251,1,NA,NA,NA,NA,1950,"other"
"686","Johnny Thomson",1953,31.1403148528405,9,NA,NA,NA,NA,1950,"other"
"687","Kurt Adolff",1953,31.7399041752224,1,NA,NA,NA,NA,1950,"other"
"688","Luigi Musso",1953,29.1279945242984,26,NA,NA,NA,NA,1950,"other"
"689","Marshall Teague",1953,32.2655715263518,4,NA,NA,NA,NA,1950,"other"
"690","Oscar Galvez",1953,39.4223134839151,1,NA,NA,NA,NA,1950,"other"
"691","Oswald Karch",1953,36.4079397672827,1,NA,NA,NA,NA,1950,"other"
"692","Pablo Birger",1953,29.0321697467488,2,NA,NA,NA,NA,1950,"other"
"693","Roberto Mieres",1953,28.5092402464066,17,NA,NA,NA,NA,1950,"other"
"694","Rodney Nuckey",1953,24.1013004791239,2,NA,NA,NA,NA,1950,"other"
"695","Sergio Mantovani",1953,24.3121149897331,9,NA,NA,NA,NA,1950,"other"
"696","Theo Fitzau",1953,30.4750171115674,1,NA,NA,NA,NA,1950,"other"
"697","Umberto Maglioli",1953,25.2731006160164,10,NA,NA,NA,NA,1950,"other"
"698","Wolfgang Seidel",1953,27.0800821355236,13,NA,NA,NA,NA,1950,"other"
"699","Adolf Brudes",1952,52.7994524298426,1,NA,NA,NA,NA,1950,"other"
"700","Alan Brown",1952,32.4928131416838,9,NA,NA,NA,NA,1950,"other"
"701","Alberto Crespo",1952,32.643394934976,1,NA,NA,NA,NA,1950,"other"
"702","Art Cross",1952,34.3463381245722,4,NA,NA,NA,NA,1950,"other"
"703","Arthur Legat",1952,53.637234770705,2,NA,NA,NA,NA,1950,"other"
"704","Bill Aston",1952,52.3066392881588,3,NA,NA,NA,NA,1950,"other"
"705","Bob Scott",1952,23.6522929500342,5,NA,NA,NA,NA,1950,"other"
"706","Bob Sweikert",1952,26.0287474332649,5,NA,NA,NA,NA,1950,"other"
"707","Charles de Tornaco",1952,25.0431211498973,3,NA,NA,NA,NA,1950,"other"
"708","Dennis Poore",1952,35.9151266255989,2,NA,NA,NA,NA,1950,"other"
"709","Dries van der Lof",1952,32.9856262833676,1,NA,NA,NA,NA,1950,"other"
"710","Eddie Johnson",1952,33.3004791238877,9,NA,NA,NA,NA,1950,"other"
"711","Eitel Cantoni",1952,45.7905544147844,3,NA,NA,NA,NA,1950,"other"
"712","Elie Bayol",1952,38.5242984257358,7,NA,NA,NA,NA,1950,"other"
"713","Eric Brandon",1952,31.8329911019849,5,NA,NA,NA,NA,1950,"other"
"714","Eric Thompson",1952,32.7063655030801,1,NA,NA,NA,NA,1950,"other"
"715","Ernst Klodwig",1952,49.1991786447639,2,NA,NA,NA,NA,1950,"other"
"716","Fritz Riess",1952,30.0643394934976,1,NA,NA,NA,NA,1950,"other"
"717","George Fonder",1952,34.9377138945927,3,NA,NA,NA,NA,1950,"other"
"718","Gino Bianco",1952,35.9917864476386,4,NA,NA,NA,NA,1950,"other"
"719","Graham Whitehead",1952,30.2614647501711,1,NA,NA,NA,NA,1950,"other"
"720","Gunther Bechem",1952,30.6173853524983,2,NA,NA,NA,NA,1950,"other"
"721","Hans Klenk",1952,32.766598220397,1,NA,NA,NA,NA,1950,"other"
"722","Hans von Stuck",1952,51.3894592744695,4,NA,NA,NA,NA,1950,"other"
"723","Helmut Niedermayr",1952,36.6789869952088,1,NA,NA,NA,NA,1950,"other"
"724","Jan Flinterman",1952,32.8761122518823,2,NA,NA,NA,NA,1950,"other"
"725","Jean Behra",1952,31.2498288843258,57,NA,NA,NA,NA,1950,"other"
"726","Jim Rigsby",1952,28.9828884325804,1,NA,NA,NA,NA,1950,"other"
"727","Jimmy Bryan",1952,26.3353867214237,9,NA,NA,NA,NA,1950,"other"
"728","Jimmy Reece",1952,22.5325119780972,6,NA,NA,NA,NA,1950,"other"
"729","Josef Peters",1952,37.8809034907598,1,NA,NA,NA,NA,1950,"other"
"730","Ken Downing",1952,34.6201232032854,2,NA,NA,NA,NA,1950,"other"
"731","Ken Wharton",1952,36.1587953456537,16,NA,NA,NA,NA,1950,"other"
"732","Kenneth McAlpine",1952,31.8247775496235,7,NA,NA,NA,NA,1950,"other"
"733","Lance Macklin",1952,32.7091033538672,15,NA,NA,NA,NA,1950,"other"
"734","Marcel Balsa",1952,43.5865845311431,1,NA,NA,NA,NA,1950,"other"
"735","Max de Terra",1952,33.6153319644079,2,NA,NA,NA,NA,1950,"other"
"736","Mike Hawthorn",1952,23.2005475701574,48,NA,NA,NA,NA,1950,"other"
"737","Paul Frere",1952,35.3921971252567,11,NA,NA,NA,NA,1950,"other"
"738","Peter Collins",1952,20.5311430527036,37,NA,NA,NA,NA,1950,"other"
"739","Piero Carini",1952,31.3347022587269,3,NA,NA,NA,NA,1950,"other"
"740","Piero Dusio",1952,52.9007529089665,1,NA,NA,NA,NA,1950,"other"
"741","Robert O'Brien",1952,44.1971252566735,1,NA,NA,NA,NA,1950,"other"
"742","Robin Montgomerie Charrington",1952,36.9993155373032,1,NA,NA,NA,NA,1950,"other"
"743","Roger Laurent",1952,39.3319644079398,2,NA,NA,NA,NA,1950,"other"
"744","Roy Salvadori",1952,30.1875427789185,51,NA,NA,NA,NA,1950,"other"
"745","Rudolf Krause",1952,45.347022587269,2,NA,NA,NA,NA,1950,"other"
"746","Rudolf Schoeller",1952,50.2696783025325,1,NA,NA,NA,NA,1950,"other"
"747","Theo Helfrich",1952,39.2251882272416,3,NA,NA,NA,NA,1950,"other"
"748","Toni Ulmen",1952,46.3107460643395,2,NA,NA,NA,NA,1950,"other"
"749","Tony Crook",1952,32.4216290212183,2,NA,NA,NA,NA,1950,"other"
"750","Tony Gaze",1952,32.3832991101985,4,NA,NA,NA,NA,1950,"other"
"751","Willi Heeks",1952,30.4695414099932,2,NA,NA,NA,NA,1950,"other"
"752","Aldo Gordini",1951,30.113620807666,1,NA,NA,NA,NA,1950,"other"
"753","Andre Pilette",1951,32.6954140999316,15,NA,NA,NA,NA,1950,"other"
"754","Andre Simon",1951,31.4852840520192,12,NA,NA,NA,NA,1950,"other"
"755","Andy Linden",1951,29.1498973305955,11,NA,NA,NA,NA,1950,"other"
"756","Bill Mackey",1951,23.4551676933607,1,NA,NA,NA,NA,1950,"other"
"757","Bill Vukovich",1951,32.4599589322382,5,NA,NA,NA,NA,1950,"other"
"758","Bobby Ball",1951,25.7577002053388,2,NA,NA,NA,NA,1950,"other"
"759","Carl Forberg",1951,40.2381930184805,1,NA,NA,NA,NA,1950,"other"
"760","Carl Scarborough",1951,36.9062286105407,2,NA,NA,NA,NA,1950,"other"
"761","Chet Miller",1951,48.8624229979466,2,NA,NA,NA,NA,1950,"other"
"762","Chico Landi",1951,44.1752224503765,6,NA,NA,NA,NA,1950,"other"
"763","Chuck Stevenson",1951,31.6221765913758,7,NA,NA,NA,NA,1950,"other"
"764","Cliff Griffith",1951,35.3100616016427,3,NA,NA,NA,NA,1950,"other"
"765","Duke Nalon",1951,38.2422997946612,3,NA,NA,NA,NA,1950,"other"
"766","Duncan Hamilton",1951,31.2032854209446,5,NA,NA,NA,NA,1950,"other"
"767","Gene Force",1951,34.9541409993155,2,NA,NA,NA,NA,1950,"other"
"768","George Abecassis",1951,38.1820670773443,2,NA,NA,NA,NA,1950,"other"
"769","Georges Grignard",1951,46.258726899384,1,NA,NA,NA,NA,1950,"other"
"770","Jacques Swaters",1951,24.7446954140999,7,NA,NA,NA,NA,1950,"other"
"771","Joe James",1951,26.0177960301164,2,NA,NA,NA,NA,1950,"other"
"772","John James",1951,37.1772758384668,1,NA,NA,NA,NA,1950,"other"
"773","Juan Jover",1951,47.9288158795346,1,NA,NA,NA,NA,1950,"other"
"774","Ken Richardson",1951,40.0711841204654,1,NA,NA,NA,NA,1950,"other"
"775","Manny Ayulo",1951,29.6071184120465,4,NA,NA,NA,NA,1950,"other"
"776","Mike Nazaruk",1951,29.6563997262149,3,NA,NA,NA,NA,1950,"other"
"777","Onofre Marimon",1951,27.5318275154004,12,NA,NA,NA,NA,1950,"other"
"778","Paco Godia",1951,30.6036960985626,14,NA,NA,NA,NA,1950,"other"
"779","Peter Hirt",1951,41.1581108829569,5,NA,NA,NA,NA,1950,"other"
"780","Philip Fotheringham Parker",1951,43.8083504449008,1,NA,NA,NA,NA,1950,"other"
"781","Rodger Ward",1951,30.3819301848049,12,NA,NA,NA,NA,1950,"other"
"782","Rudi Fischer",1951,39.1019849418207,7,NA,NA,NA,NA,1950,"other"
"783","Stirling Moss",1951,21.6892539356605,73,NA,NA,NA,NA,1950,"other"
"784","Alberto Ascari",1950,31.854893908282,36,NA,NA,NA,NA,1950,"other"
"785","Alfredo Pian",1950,37.5797399041752,1,NA,NA,NA,NA,1950,"other"
"786","Bayliss Levrett",1950,36.2874743326489,1,NA,NA,NA,NA,1950,"other"
"787","Bill Cantrell",1950,42.3271731690623,1,NA,NA,NA,NA,1950,"other"
"788","Bill Holland",1950,42.4476386036961,2,NA,NA,NA,NA,1950,"other"
"789","Bill Schindler",1950,41.2320328542094,3,NA,NA,NA,NA,1950,"other"
"790","Bob Gerard",1950,36.3121149897331,7,NA,NA,NA,NA,1950,"other"
"791","Brian Shawe Taylor",1950,35.2881587953457,2,NA,NA,NA,NA,1950,"other"
"792","Cecil Green",1950,30.6639288158795,2,NA,NA,NA,NA,1950,"other"
"793","Charles Pozzi",1950,40.8459958932238,1,NA,NA,NA,NA,1950,"other"
"794","Clemente Biondetti",1950,52.041067761807,1,NA,NA,NA,NA,1950,"other"
"795","Consalvo Sanesi",1950,39.4360027378508,5,NA,NA,NA,NA,1950,"other"
"796","Cuth Harrison",1950,43.8521560574949,3,NA,NA,NA,NA,1950,"other"
"797","David Hampshire",1950,32.3696098562628,2,NA,NA,NA,NA,1950,"other"
"798","David Murray",1950,40.37234770705,4,NA,NA,NA,NA,1950,"other"
"799","Dick Rathmann",1950,26.3956194387406,5,NA,NA,NA,NA,1950,"other"
"800","Dorino Serafini",1950,41.1170431211499,1,NA,NA,NA,NA,1950,"other"
"801","Duane Carter",1950,37.0677618069815,10,NA,NA,NA,NA,1950,"other"
"802","Duke Dinsmore",1950,37.1362080766598,4,NA,NA,NA,NA,1950,"other"
"803","Eugene Chaboud",1950,43.1841204654346,3,NA,NA,NA,NA,1950,"other"
"804","Eugene Martin",1950,35.1375770020534,2,NA,NA,NA,NA,1950,"other"
"805","Felice Bonetto",1950,46.9869952087611,17,NA,NA,NA,NA,1950,"other"
"806","Franco Comotti",1950,44.1122518822724,2,NA,NA,NA,NA,1950,"other"
"807","Franco Rol",1950,41.9575633127995,5,NA,NA,NA,NA,1950,"other"
"808","Fred Agabashian",1950,36.7720739219713,8,NA,NA,NA,NA,1950,"other"
"809","Gene Hartley",1950,24.3340177960301,9,NA,NA,NA,NA,1950,"other"
"810","Geoff Crossley",1950,29.0047912388775,2,NA,NA,NA,NA,1950,"other"
"811","George Connor",1950,43.7864476386037,3,NA,NA,NA,NA,1950,"other"
"812","Guy Mairesse",1950,40.0657084188912,3,NA,NA,NA,NA,1950,"other"
"813","Harry Schell",1950,28.8925393566051,64,NA,NA,NA,NA,1950,"other"
"814","Henri Louveau",1950,40.6050650239562,2,NA,NA,NA,NA,1950,"other"
"815","Henry Banks",1950,36.9582477754962,3,NA,NA,NA,NA,1950,"other"
"816","Jack McGrath",1950,30.6420260095825,6,NA,NA,NA,NA,1950,"other"
"817","Jackie Holmes",1950,29.7330595482546,2,NA,NA,NA,NA,1950,"other"
"818","Jerry Hoyt",1950,21.3305954825462,5,NA,NA,NA,NA,1950,"other"
"819","Jim Rathmann",1950,21.8699520876112,12,NA,NA,NA,NA,1950,"other"
"820","Jimmy Davies",1950,20.807665982204,6,NA,NA,NA,NA,1950,"other"
"821","Jimmy Jackson",1950,39.8466803559206,2,NA,NA,NA,NA,1950,"other"
"822","Joe Fry",1950,34.5462012320329,1,NA,NA,NA,NA,1950,"other"
"823","Joe Kelly",1950,37.1663244353183,2,NA,NA,NA,NA,1950,"other"
"824","Johnnie Parsons",1950,31.9041752224504,10,NA,NA,NA,NA,1950,"other"
"825","Johnny Claes",1950,33.7522245037645,25,NA,NA,NA,NA,1950,"other"
"826","Johnny McDowell",1950,35.3319644079398,3,NA,NA,NA,NA,1950,"other"
"827","Joie Chitwood",1950,38.1245722108145,1,NA,NA,NA,NA,1950,"other"
"828","Jose Froilan Gonzalez",1950,27.6249144421629,29,NA,NA,NA,NA,1950,"other"
"829","Juan Fangio",1950,38.8856947296372,58,NA,NA,NA,NA,1950,"other"
"830","Lee Wallard",1950,39.7262149212868,2,NA,NA,NA,NA,1950,"other"
"831","Leslie Johnson",1950,38.1409993155373,1,NA,NA,NA,NA,1950,"other"
"832","Louis Chiron",1950,50.7734428473648,17,NA,NA,NA,NA,1950,"other"
"833","Louis Rosier",1950,44.517453798768,39,NA,NA,NA,NA,1950,"other"
"834","Luigi Fagioli",1950,51.9233401779603,8,NA,NA,NA,NA,1950,"other"
"835","Luigi Villoresi",1950,41.0130047912389,35,NA,NA,NA,NA,1950,"other"
"836","Mack Hellings",1950,34.7077344284736,2,NA,NA,NA,NA,1950,"other"
"837","Mauri Rose",1950,44.0109514031485,2,NA,NA,NA,NA,1950,"other"
"838","Maurice Trintignant",1950,32.5557837097878,87,NA,NA,NA,NA,1950,"other"
"839","Myron Fohr",1950,37.9493497604381,1,NA,NA,NA,NA,1950,"other"
"840","Nello Pagani",1950,38.6475017111567,1,NA,NA,NA,NA,1950,"other"
"841","Nino Farina",1950,43.5345653661875,37,NA,NA,NA,NA,1950,"other"
"842","Pat Flaherty",1950,24.394250513347,6,NA,NA,NA,NA,1950,"other"
"843","Paul Pietsch",1950,39.2060232717317,3,NA,NA,NA,NA,1950,"other"
"844","Paul Russo",1950,36.1368925393566,9,NA,NA,NA,NA,1950,"other"
"845","Peter Walker",1950,37.596167008898,4,NA,NA,NA,NA,1950,"other"
"846","Peter Whitehead",1950,35.5208761122519,12,NA,NA,NA,NA,1950,"other"
"847","Philippe Etancelin",1950,53.368925393566,12,NA,NA,NA,NA,1950,"other"
"848","Piero Taruffi",1950,43.8932238193018,18,NA,NA,NA,NA,1950,"other"
"849","Pierre Levegh",1950,44.4873374401095,6,NA,NA,NA,NA,1950,"other"
"850","Prince Bira",1950,35.8275154004107,19,NA,NA,NA,NA,1950,"other"
"851","Raymond Sommer",1950,43.7207392197125,5,NA,NA,NA,NA,1950,"other"
"852","Reg Parnell",1950,38.8637919233402,7,NA,NA,NA,NA,1950,"other"
"853","Robert Manzon",1950,33.1060917180014,29,NA,NA,NA,NA,1950,"other"
"854","Sam Hanks",1950,35.8795345653662,9,NA,NA,NA,NA,1950,"other"
"855","Toni Branca",1950,33.7166324435318,3,NA,NA,NA,NA,1950,"other"
"856","Tony Bettenhausen",1950,33.7111567419576,13,NA,NA,NA,NA,1950,"other"
"857","Tony Rolt",1950,31.5728952772074,3,NA,NA,NA,NA,1950,"other"
"858","Toulo de Graffenried",1950,35.9863107460643,23,NA,NA,NA,NA,1950,"other"
"859","Travis Webb",1950,39.6413415468857,4,NA,NA,NA,NA,1950,"other"
"860","Troy Ruttman",1950,20.2190280629706,9,NA,NA,NA,NA,1950,"other"
"861","Walt Ader",1950,36.4544832306639,1,NA,NA,NA,NA,1950,"other"
"862","Walt Brown",1950,38.4147843942505,2,NA,NA,NA,NA,1950,"other"
"863","Walt Faulkner",1950,30.2833675564682,5,NA,NA,NA,NA,1950,"other"
"864","Yves Cabantous",1950,45.5934291581109,13,NA,NA,NA,NA,1950,"other"
