"year","round","pick","team","player","college","player.id","from","to","num.seasons","G","WS","VORP","rk.ws","rk.vorp","tot","n.all","n.used","hi","lo","sd","board.rk","diff"
2008,"Round 1",1,"CHI","Derrick Rose","Memphis","rosede01","2009","2019",10,546,37.2,10.6,14,11,456,5,5,1,3,0.836660026534076,2,-1
2008,"Round 1",2,"MIA","Michael Beasley","Kansas State","beaslmi01","2009","2019",11,609,15.6,-4.2,28,51,458,5,5,1,2,0.547722557505166,1,1
2008,"Round 1",3,"MIN","O.J. Mayo","USC","mayooj01","2009","2016",8,547,21.9,5.1,23,18,439,5,5,3,8,2.28035085019828,3,0
2008,"Round 1",4,"SEA","Russell Westbrook","UCLA","westbru01","2009","2019",11,821,96.7,61.7,1,1,419,5,5,4,16,5.58569601750758,8,-4
2008,"Round 1",5,"MEM","Kevin Love","UCLA","loveke01","2009","2019",11,657,78.3,24.9,3,3,425,5,5,2,14,5.24404424085076,6,-1
2008,"Round 1",6,"NYK","Danilo Gallinari",,"gallida01","2009","2019",10,549,50.2,13.8,9,9,419,5,5,5,16,4.20713679359253,8,-2
2008,"Round 1",7,"LAC","Eric Gordon","Indiana","gordoer01","2009","2019",11,629,33.5,5.7,16,16,431,5,5,4,10,2.16794833886788,4,3
2008,"Round 1",8,"MIL","Joe Alexander","West Virginia","alexajo01","2009","2010",2,67,0.4,-0.2,42,38,395,5,5,5,27,9.79795897113271,11,-3
2008,"Round 1",9,"CHA","D.J. Augustin","Texas","augusdj01","2009","2019",11,807,41.8,2.5,12,21,409,5,5,8,15,2.77488738510232,10,-1
2008,"Round 1",10,"NJN","Brook Lopez","Stanford","lopezbr01","2009","2019",11,717,60.2,17,5,6,430,5,5,5,9,1.87082869338697,5,5
2008,"Round 1",11,"IND","Jerryd Bayless","Arizona","bayleje01","2009","2019",11,586,18.8,5.55111512312578e-17,26,30,420,5,5,3,25,9.08295106229247,7,4
2008,"Round 1",12,"SAC","Jason Thompson","Rider","thompja02","2009","2016",8,588,23.8,1.3,22,23,334,5,5,18,36,7.15541752799933,28,-16
2008,"Round 1",13,"POR","Brandon Rush","Kansas","rushbr01","2009","2017",9,481,11.2,0.8,30,25,355,5,5,13,29,6.78232998312527,19,-6
2008,"Round 1",14,"GSW","Anthony Randolph","Louisiana State","randoan01","2009","2014",6,252,5.8,-0.1,32,36,388,5,5,6,39,13.3529023062404,12,2
2008,"Round 1",15,"PHO","Robin Lopez","Stanford","lopezro01","2009","2019",11,766,42.8,9.4,11,14,351,5,5,14,38,9.25742944882649,20,-5
2008,"Round 1",16,"PHI","Marreese Speights","Florida","speigma01","2009","2018",10,705,25.8,-2.2,21,50,304,4,4,4,22,7.74596669241483,30,-14
2008,"Round 1",17,"TOR","Roy Hibbert","Georgetown","hibbero01","2009","2017",9,662,35.7,9.1,15,15,370,5,5,10,25,6.74536878161602,16,1
2008,"Round 1",18,"WAS","JaVale McGee","Nevada","mcgeeja01","2009","2019",11,633,31.9,5.2,18,17,340,5,5,17,44,10.8397416943394,25,-7
2008,"Round 1",19,"CLE","J.J. Hickson","NC State","hicksjj01","2009","2016",8,534,21.8,-0.8,24,46,342,5,5,19,36,6.76756972627545,24,-5
2008,"Round 1",20,"CHA","Alexis Ajinca",,"ajincal01","2009","2017",7,293,7.6,-0.5,31,42,345,5,5,11,36,9.66953980290686,22,-2
2008,"Round 1",21,"NJN","Ryan Anderson","California","anderry01","2009","2019",11,647,46.9,11.1,10,10,344,5,5,19,32,6.26099033699941,23,-2
2008,"Round 1",22,"ORL","Courtney Lee","Western Kentucky","leeco01","2009","2019",11,787,38.6,9.7,13,12,299,5,5,16,49,11.9457105272144,32,-10
2008,"Round 1",23,"UTA","Kosta Koufos","Ohio State","koufoko01","2009","2019",11,686,28.2,3.3,19,20,370,5,5,13,29,7.48331477354788,16,7
2008,"Round 1",24,"SEA","Serge Ibaka",,"ibakase01","2010","2019",10,753,63.9,14.4,4,8,338,5,5,15,43,10.5023806824929,26,-2
2008,"Round 1",25,"HOU","Nicolas Batum",,"batumni01","2009","2019",11,767,54.3,26.8,7,2,387,5,5,9,26,6.91375440697744,13,12
2008,"Round 1",26,"SAS","George Hill","Indiana University-Purdue University Indianapolis","hillge01","2009","2019",11,726,59.9,19,6,5,275,5,5,18,58,17.4785582929485,40,-14
2008,"Round 1",27,"NOH","Darrell Arthur","Kansas","arthuda01","2009","2018",9,503,12.5,0.3,29,29,380,5,5,8,27,7.24568837309472,15,12
2008,"Round 1",28,"MEM","Donte Greene","Syracuse","greendo01","2009","2012",4,253,1.6,-2,38,49,358,5,5,18,28,3.97492138287036,18,10
2008,"Round 1",29,"DET","D.J. White","Indiana","whitedj01","2009","2014",6,138,3.8,-0.7,35,43,278,5,5,34,44,4.4497190922574,39,-10
2008,"Round 1",30,"BOS","J.R. Giddens","New Mexico","giddejr01","2009","2010",2,38,0.1,-0.2,46,38,195,5,5,47,62,5.74456264653803,51,-21
2008,"Round 2",31,"MIN","Nikola Pekovic",,"pekovni01","2011","2016",6,271,18.8,2.1,26,22,312,5,5,26,33,2.70185121722126,29,2
2008,"Round 2",32,"SEA","Walter Sharpe","UAB","sharpwa01","2009","2009",1,8,-0.1,-0.1,49,36,64,3,3,59,99,20.0333056017556,82,-50
2008,"Round 2",33,"POR","Joey Dorsey","Memphis","dorsejo01","2009","2015",4,130,2.8,0.3,36,27,264,5,5,30,44,5.84807660688538,42,-9
2008,"Round 2",34,"MIN","Mario Chalmers","Kansas","chalmma01","2009","2018",9,646,32.3,9.6,17,13,336,5,5,12,34,8.25832912882503,27,7
2008,"Round 2",35,"LAC","DeAndre Jordan","Texas A&M","jordade01","2009","2019",11,819,83.5,24.3,2,4,381,5,5,9,28,7.3280283842245,14,21
2008,"Round 2",36,"POR","Omer Asik",,"asikom01","2011","2018",8,471,20.8,1.1,25,24,304,5,5,23,43,7.52994023880668,30,6
2008,"Round 2",37,"MIL","Luc Mbah a Moute","UCLA","mbahalu01","2009","2019",11,686,26,4.7,20,19,228,5,5,32,60,10.876580344943,46,-9
2008,"Round 2",38,"CHA","Kyle Weaver","Washington State","weaveky01","2009","2011",3,73,1.5,0.3,39,27,292,5,5,30,40,4.97995983919549,34,4
2008,"Round 2",39,"CHI","Sonny Weems","Arkansas","weemsso01","2009","2016",4,183,0.1,-1.9,45,48,214,4,4,44,56,5.68624070307733,47,-8
2008,"Round 2",40,"NJN","Chris Douglas-Roberts","Memphis","douglch01","2009","2015",6,222,5.4,-1,33,47,350,5,5,13,33,8.24621125123532,21,19
2008,"Round 2",41,"IND","Nathan Jawai",,"jawaina01","2009","2010",2,45,0.2,-0.3,44,41,291,5,5,27,41,5.21536192416212,35,6
2008,"Round 2",42,"SAC","Sean Singletary","Virginia","singlse01","2009","2009",1,37,0,-0.2,47,38,120,4,4,58,95,16.7928556237467,66,-24
2008,"Round 2",43,"SAC","Patrick Ewing","Georgetown","ewingpa02","2011","2011",1,7,-0.1,0,49,31,59,4,4,81,90,3.86221007541882,85,-42
2008,"Round 2",44,"UTA","Ante Tomic",,"tomican01",,,,,,,52,52,298,5,5,24,52,11.1265448365609,33,11
2008,"Round 2",45,"SAS","Goran Dragic",,"dragigo01","2009","2019",11,758,50.9,16.9,8,7,286,5,5,17,53,12.9305839001957,37,8
2008,"Round 2",46,"SEA","Trent Plaisted","BYU-Hawaii",,,,,,,,52,52,208,4,4,45,53,3.36650164612069,49,-3
2008,"Round 2",47,"WAS","Bill Walker","Kansas State","walkebi01","2009","2015",5,181,4.9,0.5,34,26,287,5,5,29,42,4.92950301754649,36,11
2008,"Round 2",48,"PHO","Malik Hairston","Oregon","hairsma01","2009","2010",2,62,0.8,0,41,31,183,4,4,48,61,6.7515430335097,55,-7
2008,"Round 2",49,"GSW","Richard Hendrix","Alabama",,,,,,,,52,52,279,5,5,15,51,13.6455120827325,38,11
2008,"Round 2",50,"SEA","DeVon Hardin","California","hardide01",,,,,,,52,52,245,5,5,38,51,5.09901951359278,44,6
2008,"Round 2",51,"DAL","Shan Foster","Vanderbilt",,,,,,,,52,52,178,4,4,45,65,8.38649708360608,57,-6
2008,"Round 2",52,"MIA","Darnell Jackson","Kansas","jacksda01","2009","2011",3,138,1.2,-0.7,40,43,109,4,4,69,80,4.85626742811116,68,-16
2008,"Round 2",53,"UTA","Tadija Dragicevic",,"dragita01",,,,,,,52,52,27,1,1,74,74,,107,-54
2008,"Round 2",54,"HOU","Maarty Leunen","Oregon","leunema01",,,,,,,52,52,67,4,4,60,87,13.7446959466795,80,-26
2008,"Round 2",55,"POR","Mike Taylor","Iowa State","taylomi01","2009","2009",1,51,-0.4,-0.7,51,43,185,4,4,37,51,6.84957419601151,53,2
2008,"Round 2",56,"SEA","Sasha Kaun","Kansas","kaunsa01","2016","2016",1,25,0.2,0,43,31,161,4,4,55,67,5.05799696849784,59,-3
2008,"Round 2",57,"SAS","James Gist","Maryland",,,,,,,,52,52,198,5,5,46,63,7.23187389270582,50,7
2008,"Round 2",58,"LAL","Joe Crawford","Kentucky","crawfjo01","2009","2009",1,2,0,0,47,31,95,4,4,58,94,16.3171688720807,71,-13
2008,"Round 2",59,"DET","Deron Washington","Virginia Tech",,,,,,,,52,52,25,1,1,76,76,,110,-51
2008,"Round 2",60,"BOS","Semih Erden",,"erdense01","2011","2012",2,69,1.8,0,37,31,233,4,4,37,54,7.8049129826454,45,15
2009,"Round 1",1,"LAC","Blake Griffin","Oklahoma","griffbl01","2011","2019",9,604,75.2,32.4,3,3,360,5,5,1,2,0.447213595499958,1,0
2009,"Round 1",2,"MEM","Hasheem Thabeet","Connecticut","thabeha01","2010","2014",5,224,4.8,0.3,32,30,318,5,5,4,27,9.81325634027768,6,-4
2009,"Round 1",3,"OKC","James Harden","Arizona State","hardeja01","2010","2019",10,765,121.8,59.9,1,1,347,5,5,1,6,2.16794833886788,2,1
2009,"Round 1",4,"SAC","Tyreke Evans","Memphis","evansty01","2010","2019",10,594,28.4,12.5,14,6,322,5,5,2,15,6.05805249234438,5,-1
2009,"Round 1",5,"MIN","Ricky Rubio",,"rubiori01","2012","2019",8,498,32.3,12.2,11,7,340,5,5,2,12,4.08656334834051,4,1
2009,"Round 1",6,"MIN","Jonny Flynn","Syracuse","flynnjo01","2010","2012",3,163,-1.1,-2.7,50,49,299,5,5,9,23,5.59464029227975,10,-4
2009,"Round 1",7,"GSW","Stephen Curry","Davidson College","curryst01","2010","2019",10,694,103.1,51.1,2,2,341,5,5,3,7,1.58113883008419,3,4
2009,"Round 1",8,"NYK","Jordan Hill","Arizona","hilljo01","2010","2017",8,409,16.5,-2.77555756156289e-17,27,34,314,5,5,4,14,3.78153408023781,8,0
2009,"Round 1",9,"TOR","DeMar DeRozan","USC","derozde01","2010","2019",10,752,60.3,10.1,4,12,318,5,5,5,15,3.64691650576209,6,3
2009,"Round 1",10,"MIL","Brandon Jennings",,"jennibr01","2010","2018",9,555,29.9,10.2,12,11,311,5,5,2,42,17.3637553541853,9,1
2009,"Round 1",11,"NJN","Terrence Williams","Louisville","willite01","2010","2013",4,153,-0.3,-1.4,48,46,294,5,5,7,22,7.09224929059886,11,0
2009,"Round 1",12,"CHA","Gerald Henderson","Duke","hendege02","2010","2017",8,535,18.3,-0.9,25,43,274,5,5,13,25,4.33589667773576,18,-6
2009,"Round 1",13,"IND","Tyler Hansbrough","North Carolina","hansbty01","2010","2016",7,428,20.2,-1.1,21,45,281,5,5,7,25,6.74536878161602,16,-3
2009,"Round 1",14,"PHO","Earl Clark","Louisville","clarkea01","2010","2015",6,261,2.8,-1.5,39,47,282,5,5,9,30,8.92748564826626,15,-1
2009,"Round 1",15,"DET","Austin Daye","Gonzaga","dayeau01","2010","2015",6,293,4.5,-0.6,36,41,262,5,5,9,38,11.1892805845595,20,-5
2009,"Round 1",16,"CHI","James Johnson","Wake Forest","johnsja01","2010","2019",10,602,23.4,9.6,20,15,276,5,5,9,30,8.74642784226795,17,-1
2009,"Round 1",17,"PHI","Jrue Holiday","UCLA","holidjr01","2010","2019",10,652,39,17.9,10,5,286,5,5,8,31,9.19238815542512,14,3
2009,"Round 1",18,"MIN","Ty Lawson","North Carolina","lawsoty01","2010","2017",8,551,42.1,11,8,9,272,5,5,8,29,8.31865373723417,19,-1
2009,"Round 1",19,"ATL","Jeff Teague","Wake Forest","teaguje01","2010","2019",10,712,48.4,10,7,13,291,5,5,10,20,3.74165738677394,12,7
2009,"Round 1",20,"UTA","Eric Maynor","Virginia Commonwealth","maynoer01","2010","2014",5,267,3.3,-2.7,38,49,289,5,5,6,22,6.8044103344816,13,7
2009,"Round 1",21,"NOH","Darren Collison","UCLA","collida01","2010","2019",10,708,49.8,11.2,6,8,222,4,4,14,39,10.5316981853197,28,-7
2009,"Round 1",22,"POR","Victor Claver",,"clavevi01","2013","2015",3,80,0.2,-0.3,44,37,179,3,3,26,36,5.13160143944688,37,-15
2009,"Round 1",23,"SAC","Omri Casspi",,"casspom01","2010","2019",10,588,19.6,1.5,23,24,230,4,4,19,31,5.85234995535981,25,-2
2009,"Round 1",24,"DAL","Byron Mullens","Ohio State","mulleby01","2010","2014",5,189,0.5,-2.2,42,48,245,5,5,9,45,13.1795295818933,23,1
2009,"Round 1",25,"OKC","Rodrigue Beaubois",,"beaubro01","2010","2013",4,182,4.8,1.4,32,25,179,4,4,23,59,15.0775771705315,37,-12
2009,"Round 1",26,"CHI","Taj Gibson","USC","gibsota01","2010","2019",10,737,49.9,9.8,5,14,199,5,5,26,43,8.38450952650183,33,-7
2009,"Round 1",27,"MEM","DeMarre Carroll","Missouri","carrode01","2010","2019",10,554,29.2,9,13,16,206,5,5,17,50,14.4913767461894,32,-5
2009,"Round 1",28,"MIN","Wayne Ellington","North Carolina","ellinwa01","2010","2019",10,645,17.8,-0.2,26,36,238,5,5,16,44,11.2605506082074,24,4
2009,"Round 1",29,"LAL","Toney Douglas","Florida State","douglto01","2010","2017",8,394,12.3,2.6,29,23,213,4,4,28,37,4.35889894354067,29,0
2009,"Round 1",30,"CLE","Christian Eyenga",,"eyengch01","2011","2012",2,51,-0.4,-0.5,49,39,81,3,3,56,66,5.03322295684717,65,-35
2009,"Round 2",31,"SAC","Jeff Pendergraph","Arizona State","pendeje02","2010","2016",6,237,6.4,0.3,30,31,173,4,4,33,53,8.69865890046659,40,-9
2009,"Round 2",32,"WAS","Jermaine Taylor","Central Florida","tayloje02","2010","2011",2,65,0.2,-0.5,44,39,173,4,4,29,60,13.6259556239798,40,-8
2009,"Round 2",33,"POR","Dante Cunningham","Villanova","cunnida01","2010","2019",10,715,24.7,3.6,18,20,126,3,3,44,58,7.57187779440036,52,-19
2009,"Round 2",34,"DEN","Sergio Llull",,"llullse01",,,,,,,51,51,109,3,3,51,62,6.08276253029822,57,-23
2009,"Round 2",35,"DET","DaJuan Summers","Georgetown","summeda01","2010","2013",4,83,-0.1,-0.9,47,43,208,4,4,8,42,13.9134227756269,31,4
2009,"Round 2",36,"MEM","Sam Young","Pittsburgh","youngsa01","2010","2013",4,249,5.2,-0.8,31,42,255,5,5,11,34,9.60208310732624,21,15
2009,"Round 2",37,"SAS","DeJuan Blair","Pittsburgh","blairde01","2010","2016",7,424,19,4.2,24,19,253,5,5,18,28,3.97492138287036,22,15
2009,"Round 2",38,"POR","Jon Brockman","Washington","brockjo01","2010","2012",3,150,3.7,0,37,32,142,4,4,32,71,16.6808273176123,44,-6
2009,"Round 2",39,"DET","Jonas Jerebko",,"jerebjo01","2010","2019",9,635,25.8,3.4,16,22,191,4,4,21,52,12.8322510366134,36,3
2009,"Round 2",40,"CHA","Derrick Brown","Xavier","brownde04","2010","2012",3,171,4.6,0.3,35,29,227,5,5,13,38,11.0770032048384,27,13
2009,"Round 2",41,"MIL","Jodie Meeks","Kentucky","meeksjo01","2010","2019",10,539,24.2,4.3,19,18,144,4,4,40,54,7.32006375199925,43,-2
2009,"Round 2",42,"LAL","Patrick Beverley","Arkansas","beverpa01","2013","2019",7,380,24.8,10.6,17,10,127,4,4,23,88,26.8452354556012,50,-8
2009,"Round 2",43,"MIA","Marcus Thornton","Louisiana State","thornma01","2010","2017",8,483,19.9,3.5,22,21,211,4,4,26,36,5.22812904711937,30,13
2009,"Round 2",44,"DET","Chase Budinger","Arizona","budinch01","2010","2016",7,407,13.8,1.2,28,26,228,4,4,18,38,8.38152730712011,26,18
2009,"Round 2",45,"MIN","Nick Calathes","Florida","calatni01","2014","2015",2,129,2.6,0.7,40,27,197,4,4,26,42,7.72442015083764,35,10
2009,"Round 2",46,"CLE","Danny Green","North Carolina","greenda02","2010","2019",10,620,39.1,19.8,9,4,199,5,5,14,48,15.7257750206468,33,13
2009,"Round 2",47,"MIN","Henk Norel",,"norelhe01",,,,,,,51,51,60,3,3,68,77,4.93288286231625,72,-25
2009,"Round 2",48,"PHO","Taylor Griffin","Oklahoma","griffta01","2010","2010",1,8,0,0,46,32,18,1,1,83,83,,99,-51
2009,"Round 2",49,"ATL","Sergiy Gladyr",,"gladyse01",,,,,,,51,51,93,2,2,52,57,3.53553390593274,62,-13
2009,"Round 2",50,"UTA","Goran Suton","Michigan State",,,,,,,,51,51,46,2,2,61,66,3.53553390593274,80,-30
2009,"Round 2",51,"SAS","Jack McClinton","Miami",,,,,,,,51,51,115,3,3,39,73,17.7763888346312,56,-5
2009,"Round 2",52,"IND","A.J. Price","Connecticut","priceaj01","2010","2015",6,261,4.7,-0.4,34,38,129,3,3,36,58,11.2398102000582,49,3
2009,"Round 2",53,"SAS","Nando De Colo",,"decolna01","2013","2014",2,119,2.3,0.4,41,28,151,4,4,29,72,18.6726180988812,42,11
2009,"Round 2",54,"CHA","Robert Vaden","UAB",,,,,,,,51,51,38,2,2,79,85,4.24264068711928,83,-29
2009,"Round 2",55,"POR","Patrick Mills","Saint Mary's (CA)","millspa02","2010","2019",10,605,27.6,7.2,15,17,174,3,3,30,35,2.88675134594813,39,16
2009,"Round 2",56,"DAL","Ahmad Nivins","Saint Joseph's",,,,,,,,51,51,70,2,2,48,55,4.94974746830583,70,-14
2009,"Round 2",57,"PHO","Emir Preldzic",,"preldem01",,,,,,,51,51,71,2,2,64,67,2.12132034355964,67,-10
2009,"Round 2",58,"BOS","Lester Hudson","Tennessee at Martin","hudsole01","2010","2015",4,57,0.3,-0.1,43,35,65,3,3,27,93,34.5976877840124,71,-13
2009,"Round 2",59,"LAL","Chinemelu Elonu","Texas A&M","elonuch01",,,,,,,51,51,59,2,2,70,73,2.12132034355964,73,-14
2009,"Round 2",60,"MIA","Robert Dozier","Memphis",,,,,,,,51,51,106,4,4,44,72,13.8413631313297,59,1
2010,"Round 1",1,"WAS","John Wall","Kentucky","walljo01","2011","2019",9,573,44.3,22,5,3,755,9,9,1,1,0,1,0
2010,"Round 1",2,"PHI","Evan Turner","Ohio State","turneev01","2011","2019",9,686,20.5,0.1,13,25,745,9,9,2,3,0.333333333333333,2,0
2010,"Round 1",3,"NJN","Derrick Favors","Georgia Tech","favorde01","2011","2019",9,632,49.4,14.1,3,7,735,9,9,2,4,0.666666666666667,3,0
2010,"Round 1",4,"MIN","Wesley Johnson","Syracuse","johnswe01","2011","2019",9,609,10.7,2.7,17,18,709,9,9,3,11,2.36877840059198,5,-1
2010,"Round 1",5,"SAC","DeMarcus Cousins","Kentucky","couside01","2011","2019",9,565,44,22.5,6,2,722,9,9,3,7,1.58113883008419,4,1
2010,"Round 1",6,"GSW","Ekpe Udoh","Baylor","udohek01","2011","2019",7,384,10.6,3.2,19,15,651,9,9,8,17,3.5746017649212,10,-4
2010,"Round 1",7,"DET","Greg Monroe","Georgetown","monrogr01","2011","2019",9,632,49.8,17.3,2,5,700,9,9,5,13,2.71313676601662,6,1
2010,"Round 1",8,"LAC","Al-Farouq Aminu","Wake Forest","aminual01","2011","2019",9,670,27.5,8.5,11,9,699,9,9,5,10,1.7873008824606,7,1
2010,"Round 1",9,"UTA","Gordon Hayward","Butler","haywago01","2011","2019",9,589,48,17.7,4,4,618,9,9,7,26,6.57224805104345,15,-6
2010,"Round 1",10,"IND","Paul George","California State University, Fresno","georgpa01","2011","2019",9,604,65.3,29.8,1,1,633,9,9,6,27,8.0639802689353,13,-3
2010,"Round 1",11,"NOH","Cole Aldrich","Kansas","aldrico01","2011","2018",8,339,9.6,2.6,23,19,671,9,9,6,15,2.91547594742265,8,3
2010,"Round 1",12,"MEM","Xavier Henry","Kansas","henryxa01","2011","2015",5,185,0.6,-2.2,34,50,650,9,9,10,18,2.44948974278318,11,1
2010,"Round 1",13,"TOR","Ed Davis","North Carolina","davised01","2011","2019",9,640,41.3,9.5,7,8,667,9,9,5,15,3.15348132140408,9,4
2010,"Round 1",14,"HOU","Patrick Patterson","Kentucky","pattepa01","2011","2019",9,622,28.6,7.6,10,10,645,9,9,6,22,5.54025671286489,12,2
2010,"Round 1",15,"MIL","Larry Sanders","Virginia Commonwealth","sandela01","2011","2017",6,238,10.3,3,21,16,557,9,9,19,30,3.67423461417477,21,-6
2010,"Round 1",16,"MIN","Luke Babbitt","Nevada","babbilu01","2011","2018",8,381,7.1,-1,25,48,628,9,9,4,39,10.4933841591315,14,2
2010,"Round 1",17,"CHI","Kevin Seraphin",,"serapke01","2011","2017",7,423,5.9,-3.1,27,51,467,7,7,19,51,12.8155411605634,32,-15
2010,"Round 1",18,"OKC","Eric Bledsoe","Kentucky","bledser01","2011","2019",9,570,36.9,16.9,8,6,559,9,9,10,32,7.72621799099951,20,-2
2010,"Round 1",19,"BOS","Avery Bradley","Texas","bradlav01","2011","2019",9,522,14.6,0.6,15,23,574,9,9,12,40,9.64940988408675,19,0
2010,"Round 1",20,"SAS","James Anderson","Oklahoma State","anderja01","2011","2016",5,247,3.3,-0.8,28,47,587,9,9,10,25,4.63680924774785,18,2
2010,"Round 1",21,"OKC","Craig Brackins","Iowa State","brackcr01","2011","2012",2,17,-0.2,-0.2,49,37,447,9,9,22,56,12.2451804578146,34,-13
2010,"Round 1",22,"POR","Elliot Williams","Memphis","williel01","2012","2016",4,109,0.7,-1.3,33,49,538,8,8,17,35,5.55331303946443,22,0
2010,"Round 1",23,"MIN","Trevor Booker","Clemson","booketr01","2011","2018",8,532,26.1,5.9,12,11,409,7,7,28,53,9.62635271879577,36,-13
2010,"Round 1",24,"ATL","Damion James","Texas","jamesda01","2011","2014",4,39,-0.1,-0.3,46,40,603,9,9,13,29,4.64877522699378,17,7
2010,"Round 1",25,"MEM","Dominique Jones","South Florida","jonesdo02","2011","2013",3,80,0.2,-0.3,39,40,527,9,9,20,36,5.40832691319598,25,0
2010,"Round 1",26,"OKC","Quincy Pondexter","Washington","pondequ01","2011","2019",7,355,9.7,1.1,22,21,517,9,9,15,35,5.96051824741589,26,0
2010,"Round 1",27,"NJN","Jordan Crawford","Xavier","crawfjo02","2011","2018",6,281,6.3,-0.2,26,36,480,9,9,19,45,9.63212218453326,30,-3
2010,"Round 1",28,"MEM","Greivis Vasquez","Maryland","vasqugr01","2011","2017",7,401,12.7,1,16,22,384,8,8,24,56,10.9536360564491,41,-13
2010,"Round 1",29,"ORL","Daniel Orton","Kentucky","ortonda01","2012","2014",3,51,1.1,0.1,30,26,498,9,9,11,97,26.6087913625888,27,2
2010,"Round 1",30,"WAS","Lazar Hayward","Marquette","haywala01","2011","2013",3,72,0.3,-0.4,37,43,330,7,7,27,69,13.5118995175152,44,-14
2010,"Round 2",31,"NJN","Tibor Pleiss",,"pleisti01","2016","2016",1,12,-0.1,-0.1,46,31,323,7,7,37,62,9.10520520937128,48,-17
2010,"Round 2",32,"MIA","Dexter Pittman","Texas","pittmde01","2011","2014",4,50,0.4,-0.4,36,43,327,7,7,25,68,14.4880903470665,46,-14
2010,"Round 2",33,"SAC","Hassan Whiteside","Marshall","whiteha01","2011","2019",7,343,36.9,5.5,8,12,604,9,9,9,27,5.86893895388634,16,17
2010,"Round 2",34,"POR","Armon Johnson","Nevada","johnsar02","2011","2012",2,47,-0.2,-0.4,48,43,451,8,8,22,46,8.6147713674993,33,1
2010,"Round 2",35,"WAS","Nemanja Bjelica",,"bjeline01","2016","2019",4,269,10.7,3.6,17,13,307,7,7,34,71,15.0317125089719,50,-15
2010,"Round 2",36,"DET","Terrico White","Mississippi",,,,,,,,52,52,408,8,8,26,84,18.3298156798464,37,-1
2010,"Round 2",37,"MIL","Darington Hobson","New Mexico","hobsoda01","2012","2012",1,5,-0.2,-0.1,49,31,426,8,8,21,54,11.1218896133449,35,2
2010,"Round 2",38,"NYK","Andy Rautins","Syracuse","rautian01","2011","2011",1,5,-0.2,-0.1,49,31,184,6,6,57,90,14.0522833257327,72,-34
2010,"Round 2",39,"NYK","Landry Fields","Stanford","fieldla01","2011","2015",5,255,10.5,2.8,20,17,122,5,5,49,93,17.1113997089659,81,-42
2010,"Round 2",40,"IND","Lance Stephenson","Cincinnati","stephla01","2011","2019",9,508,16.7,3.5,14,14,365,6,6,23,74,17.451838489588,42,-2
2010,"Round 2",41,"MIA","Jarvis Varnado","Mississippi State","varnaja01","2013","2014",2,37,0.7,0,32,27,400,8,8,36,49,3.88908729652601,38,3
2010,"Round 2",42,"MIA","Da'Sean Butler","West Virginia",,,,,,,,52,52,290,8,8,40,74,14.3221855874025,56,-14
2010,"Round 2",43,"LAL","Devin Ebanks","West Virginia","ebankde01","2011","2013",3,63,0.6,-0.5,34,46,528,9,9,18,36,6.62906060045045,24,19
2010,"Round 2",44,"MIL","Jerome Jordan","Tulsa","jordaje01","2012","2015",2,65,1.7,0.3,29,24,398,8,8,29,49,7.01910657725448,39,5
2010,"Round 2",45,"MIN","Paulao Prestes",,"prestpa01",,,,,,,52,52,226,7,6,39,102,20.6455345108354,63,-18
2010,"Round 2",46,"PHO","Gani Lawal","Georgia Tech","lawalga01","2011","2011",1,1,0,0,43,27,479,9,9,24,41,5.8309518948453,31,15
2010,"Round 2",47,"MIL","Tiny Gallon","Oklahoma",,,,,,,,52,52,286,6,6,38,84,16.8602095676972,58,-11
2010,"Round 2",48,"MIA","Latavious Williams",,"willila01",,,,,,,52,52,258,8,7,48,101,17.3694107145703,60,-12
2010,"Round 2",49,"SAS","Ryan Richards",,"richary01",,,,,,,52,52,211,7,6,50,104,18.3912505077304,69,-20
2010,"Round 2",50,"DAL","Solomon Alabi","Florida State","alabiso01","2011","2012",2,26,0,-0.2,43,37,538,9,9,17,42,7.60664913816268,22,28
2010,"Round 2",51,"OKC","Magnum Rolle","Louisiana Tech",,,,,,,,52,52,69,2,2,58,75,12.0208152801713,92,-41
2010,"Round 2",52,"BOS","Luke Harangody","Notre Dame","haranlu01","2011","2012",2,70,0.8,-0.3,31,40,315,8,8,40,61,9.0514402958077,49,3
2010,"Round 2",53,"ATL","Pape Sy",,"sypa01","2011","2011",1,3,0,0,43,27,17,1,1,84,84,,118,-65
2010,"Round 2",54,"LAC","Willie Warren","Oklahoma","warrewi01","2011","2011",1,19,0.2,-0.1,39,31,483,9,9,20,42,6.61017733835065,29,25
2010,"Round 2",55,"UTA","Jeremy Evans","Western Kentucky","evansje01","2011","2018",7,250,8.1,2.1,24,20,13,2,1,88,113,17.6776695296637,121,-66
2010,"Round 2",56,"MIN","Hamady N'Diaye","Rutgers","ndiayha01","2011","2014",3,33,0.1,-0.1,41,31,169,6,6,57,80,8.81854107359413,76,-20
2010,"Round 2",57,"IND","Ryan Reid","Florida State","reidry01","2012","2012",1,5,0.1,0,41,27,,,,,,,,
2010,"Round 2",58,"LAL","Derrick Caracter","Texas at El Paso","caracde01","2011","2011",1,41,0.3,-0.2,37,37,217,7,7,57,89,11.1333903619868,66,-8
2010,"Round 2",59,"ORL","Stanley Robinson","Connecticut",,,,,,,,52,52,494,8,8,16,52,12.5634105924421,28,31
2010,"Round 2",60,"PHO","Dwayne Collins","Miami","collidw01",,,,,,,52,52,238,7,7,38,95,17.2129519341022,61,-1
2011,"Round 1",1,"CLE","Kyrie Irving","Duke","irvinky01","2012","2019",8,508,58.4,25,3,3,584,7,7,1,4,1.21498579258791,2,-1
2011,"Round 1",2,"MIN","Derrick Williams","Arizona","willide02","2012","2018",7,428,14.2,-2.6,21,53,586,7,7,1,2,0.534522483824849,1,1
2011,"Round 1",3,"UTA","Enes Kanter",,"kanteen01","2012","2019",8,583,39.5,2.2,10,20,568,7,7,2,12,3.53216512583861,3,0
2011,"Round 1",4,"CLE","Tristan Thompson","Texas","thomptr01","2012","2019",8,562,39.9,5.6,9,13,524,7,7,6,18,3.95209408023741,9,-5
2011,"Round 1",5,"TOR","Jonas Valanciunas",,"valanjo01","2013","2019",7,489,45.4,6,6,12,542,7,7,4,16,4.18045338165497,6,-1
2011,"Round 1",6,"WAS","Jan Vesely",,"veselja01","2012","2014",3,162,4,0.9,32,24,534,7,7,4,21,5.71547606649408,8,-2
2011,"Round 1",7,"SAC","Bismack Biyombo",,"biyombi01","2012","2019",8,583,22.9,0.2,17,29,507,7,7,3,24,7.12807995252044,11,-4
2011,"Round 1",8,"DET","Brandon Knight","Kentucky","knighbr03","2012","2019",7,421,11.7,1.7,27,21,545,7,7,3,24,7.36788397613007,5,3
2011,"Round 1",9,"CHA","Kemba Walker","Connecticut","walkeke02","2012","2019",8,605,48.6,23.3,4,4,546,7,7,4,12,2.6903708365382,4,5
2011,"Round 1",10,"MIL","Jimmer Fredette","BYU","fredeji01","2012","2019",6,241,2.2,-1.6,36,52,504,7,7,5,27,7.29644401322283,12,-2
2011,"Round 1",11,"GSW","Klay Thompson","Washington State","thompkl01","2012","2019",8,615,46.8,11.3,5,8,496,7,7,9,26,5.94017796751194,14,-3
2011,"Round 1",12,"UTA","Alec Burks","Colorado","burksal01","2012","2019",8,429,13.1,-0.5,24,44,502,7,7,6,28,7.02037850017464,13,-1
2011,"Round 1",13,"PHO","Markieff Morris","Kansas","morrima02","2012","2019",8,579,23.7,4.4,16,16,462,7,7,13,30,5.85133277451345,18,-5
2011,"Round 1",14,"HOU","Marcus Morris","Kansas","morrima03","2012","2019",8,545,26.8,4.9,15,15,514,7,7,8,20,4.05908739450021,10,4
2011,"Round 1",15,"IND","Kawhi Leonard","San Diego State","leonaka01","2012","2019",8,467,65.7,29.4,2,1,538,7,7,3,14,4.07664661444276,7,8
2011,"Round 1",16,"PHI","Nikola Vucevic","USC","vucevni01","2012","2019",8,536,41.8,15.3,8,5,419,7,7,18,35,5.56348640264187,22,-6
2011,"Round 1",17,"NYK","Iman Shumpert","Georgia Tech","shumpim01","2012","2019",8,446,12.9,4.1,26,17,345,6,6,22,43,8.03533861555732,36,-19
2011,"Round 1",18,"WAS","Chris Singleton","Florida State","singlch01","2012","2014",3,148,2.2,-0.1,36,37,494,7,7,12,19,2.81154084173819,15,3
2011,"Round 1",19,"CHA","Tobias Harris","Tennessee","harrito02","2012","2019",8,546,39.4,8.8,11,10,461,6,6,9,24,5.24404424085076,19,0
2011,"Round 1",20,"MIN","Donatas Motiejunas",,"motiedo01","2013","2019",6,251,7.2,0.1,31,31,440,7,7,5,63,18.8667003196738,20,0
2011,"Round 1",21,"POR","Nolan Smith","Duke","smithno01","2012","2013",2,84,-0.8,-1,54,47,392,7,7,21,40,7.20449595077698,29,-8
2011,"Round 1",22,"DEN","Kenneth Faried","Morehead State","farieke01","2012","2019",8,478,38.7,9.3,12,9,473,7,7,13,22,3.54562104171167,17,5
2011,"Round 1",23,"HOU","Nikola Mirotic",,"mirotni01","2015","2019",5,319,20.9,5.2,19,14,434,7,7,7,36,10.2585620453402,21,2
2011,"Round 1",24,"OKC","Reggie Jackson","Boston College","jacksre01","2012","2019",8,530,28.2,6.6,14,11,414,6,6,14,35,7.52772652709081,24,0
2011,"Round 1",25,"BOS","MarShon Brooks","Providence College","brookma01","2012","2019",5,200,3.3,-0.3,33,42,411,7,7,15,55,13.6119695226559,25,0
2011,"Round 1",26,"DAL","Jordan Hamilton","Texas","hamiljo02","2012","2016",5,151,3,0.4,34,28,491,7,7,9,21,4.91353814911995,16,10
2011,"Round 1",27,"NJN","JaJuan Johnson","Purdue","johnsja02","2012","2012",1,36,0.2,-0.3,44,41,376,6,6,19,46,9.45868207873944,30,-3
2011,"Round 1",28,"CHI","Norris Cole","Cleveland State","coleno01","2012","2017",6,360,3,-3.9,34,54,348,6,6,24,50,10.8197350552898,34,-6
2011,"Round 1",29,"SAS","Cory Joseph","Texas","josepco01","2012","2019",8,528,21.8,3.9,18,18,235,6,6,42,83,15.5102116899373,51,-22
2011,"Round 1",30,"CHI","Jimmy Butler","Marquette","butleji01","2012","2019",8,523,66.1,26,1,2,359,6,6,17,50,13.3529023062404,32,-2
2011,"Round 2",31,"MIA","Bojan Bogdanovic",,"bogdabo02","2015","2019",5,399,18.4,0.9,20,24,276,5,5,37,53,5.80517010948,48,-17
2011,"Round 2",32,"CLE","Justin Harper","Richmond","harpeju01","2012","2017",3,22,-0.4,-0.3,51,42,404,7,7,22,38,5.59336341441483,26,6
2011,"Round 2",33,"DET","Kyle Singler","Duke","singlky01","2013","2018",6,356,10.1,0.8,29,26,393,7,7,24,34,3.71611676478603,28,5
2011,"Round 2",34,"WAS","Shelvin Mack","Butler","macksh01","2012","2019",8,456,10.4,-1.4,28,50,320,6,6,27,52,9.2736184954957,41,-7
2011,"Round 2",35,"SAC","Tyler Honeycutt","UCLA","honeyty01","2012","2013",2,24,-0.1,-0.1,50,38,418,7,7,15,43,9.50187951332336,23,12
2011,"Round 2",36,"NJN","Jordan Williams","Maryland","willijo03","2012","2012",1,43,1.3,-0.2,40,39,303,6,6,34,59,8.93121865518176,44,-8
2011,"Round 2",37,"LAC","Trey Thompkins","Georgia","thomptr02","2012","2012",1,24,0,-0.2,48,39,342,6,6,21,49,10.7641379899492,39,-2
2011,"Round 2",38,"HOU","Chandler Parsons","Florida","parsoch01","2012","2019",8,435,29.1,12,13,7,344,6,6,27,52,8.85437744847146,37,1
2011,"Round 2",39,"CHA","Jeremy Tyler",,"tylerje01","2012","2014",3,104,0.2,-1.2,45,48,347,6,6,27,54,9.73139250056229,35,4
2011,"Round 2",40,"MIL","Jon Leuer","Wisconsin","leuerjo01","2012","2019",8,377,13.1,1,24,23,307,6,6,36,57,7.52108148251744,43,-3
2011,"Round 2",41,"LAL","Darius Morris","Michigan","morrida01","2012","2015",4,132,-0.4,-1.4,51,50,394,6,6,22,40,7.8655366420014,27,14
2011,"Round 2",42,"IND","Davis Bertans",,"bertada01","2017","2019",3,220,9.4,2.9,30,19,360,7,7,27,58,10.8693540352156,31,11
2011,"Round 2",43,"CHI","Malcolm Lee","UCLA","leema01","2012","2015",3,36,0.5,0,41,32,319,6,6,28,79,19.1980901827934,42,1
2011,"Round 2",44,"GSW","Charles Jenkins","Hofstra","jenkich01","2012","2013",2,110,0.5,-1.3,41,49,328,7,7,20,54,10.4380257210059,40,4
2011,"Round 2",45,"NOH","Josh Harrellson","Kentucky","harrejo01","2012","2014",3,75,2.1,0.2,38,30,47,4,3,73,106,13.8202749610853,94,-49
2011,"Round 2",46,"LAL","Andrew Goudelock","College of Charleston","goudean01","2012","2016",3,49,0.1,-0.5,46,44,198,5,4,44,101,22.9847775712535,59,-13
2011,"Round 2",47,"LAC","Travis Leslie","Georgia","leslitr01","2012","2012",1,10,0.1,0,46,32,343,6,6,20,45,8.88631907297204,38,9
2011,"Round 2",48,"ATL","Keith Benson","Oakland","bensoke02","2012","2012",1,3,0,0,48,32,287,6,6,39,53,5.57673739743947,46,2
2011,"Round 2",49,"MEM","Josh Selby","Kansas","selbyjo01","2012","2013",2,38,-0.7,-0.6,53,46,350,7,7,20,73,17.9231162256482,33,16
2011,"Round 2",50,"PHI","Lavoy Allen","Temple","allenla01","2012","2017",6,388,13.8,1.4,22,22,105,5,5,52,95,16.5075740192192,78,-28
2011,"Round 2",51,"POR","Jon Diebler","Ohio State","diebljo01",,,,,,,55,55,156,5,5,44,74,13.7913016064474,67,-16
2011,"Round 2",52,"DET","Vernon Macklin","Florida","macklve01","2012","2012",1,23,0.5,0,41,32,74,4,4,68,96,15.0665191733194,84,-32
2011,"Round 2",53,"ORL","DeAndre Liggins","Kentucky","liggide01","2012","2018",5,177,1.6,0,39,32,180,6,6,51,90,13.9522996909709,63,-10
2011,"Round 2",54,"CLE","Milan Macvan",,"macvami01",,,,,,,55,55,74,3,3,74,79,2.51661147842358,84,-30
2011,"Round 2",55,"BOS","E'Twaun Moore","Purdue","mooreet01","2012","2019",8,515,13.5,0.7,23,27,297,6,6,33,59,9.45339445208263,45,10
2011,"Round 2",56,"LAL","Chukwudiebere Maduabum",,"maduach01",,,,,,,55,55,34,3,3,85,97,6.42910050732864,106,-50
2011,"Round 2",57,"DAL","Targuy Ngombo",,,,,,,,,55,55,24,1,1,77,77,,112,-55
2011,"Round 2",58,"LAL","Ater Majok",,"majokat01",,,,,,,55,55,23,1,1,78,78,,116,-58
2011,"Round 2",59,"SAS","Adam Hanga",,"hangaad01",,,,,,,55,55,129,4,4,40,86,20.0229035523489,75,-16
2011,"Round 2",60,"SAC","Isaiah Thomas","Washington","thomais02","2012","2019",8,485,45.2,13.9,7,6,235,5,5,39,53,6.557438524302,51,9
2012,"Round 1",1,"NOH","Anthony Davis","Kentucky","davisan02","2013","2019",7,466,71.9,27.6,1,2,430,5,5,1,1,0,1,0
2012,"Round 1",2,"CHA","Michael Kidd-Gilchrist","Kentucky","kiddgmi01","2013","2019",7,421,21.1,2.4,9,18,413,5,5,2,8,2.30217288664427,4,-2
2012,"Round 1",3,"WAS","Bradley Beal","Florida","bealbr01","2013","2019",7,488,36.4,12.5,5,5,419,5,5,2,5,1.30384048104053,2,1
2012,"Round 1",4,"CLE","Dion Waiters","Syracuse","waitedi01","2013","2019",7,409,8.6,-1.6,25,52,379,5,5,6,18,5.89067059000926,8,-4
2012,"Round 1",5,"SAC","Thomas Robinson","Kansas","robinth01","2013","2017",5,313,4.5,-1.3,29,50,414,5,5,3,6,1.09544511501033,3,2
2012,"Round 1",6,"POR","Damian Lillard","Weber State","lillada01","2013","2019",7,549,70.3,30,2,1,395,5,5,7,10,1.22474487139159,7,-1
2012,"Round 1",7,"GSW","Harrison Barnes","North Carolina","barneha02","2013","2019",7,540,29.6,2.6,7,17,409,5,5,3,8,2.28035085019828,6,1
2012,"Round 1",8,"TOR","Terrence Ross","Washington","rosste01","2013","2019",7,492,19.2,3.5,13,12,355,5,5,9,23,6.08276253029822,16,-8
2012,"Round 1",9,"DET","Andre Drummond","Connecticut","drumman01","2013","2019",7,542,56.5,16.1,3,4,413,5,5,2,7,2.30217288664427,4,5
2012,"Round 1",10,"NOH","Austin Rivers","Duke","riverau01","2013","2019",7,484,9,-2.4,24,54,377,5,5,9,14,2.30217288664427,9,1
2012,"Round 1",11,"POR","Meyers Leonard","Illinois at Urbana-Champaign","leoname01","2013","2019",7,393,13.5,1,20,20,353,5,5,8,25,7.4027022093287,18,-7
2012,"Round 1",12,"HOU","Jeremy Lamb","Connecticut","lambje01","2013","2019",7,435,20.7,3.4,10,13,373,5,5,5,22,6.76756972627545,11,1
2012,"Round 1",13,"PHO","Kendall Marshall","North Carolina","marshke01","2013","2016",4,160,1,-2.8,41,55,358,5,5,9,19,4.27784992724149,15,-2
2012,"Round 1",14,"MIL","John Henson","North Carolina","hensojo01","2013","2019",7,405,19.3,5.3,12,10,365,5,5,9,20,4.30116263352131,13,1
2012,"Round 1",15,"PHI","Maurice Harkless","St. John's","harklma01","2013","2019",7,475,19.2,6.2,13,9,346,5,5,14,22,2.94957624075052,19,-4
2012,"Round 1",16,"HOU","Royce White","Iowa State","whitero03","2014","2014",1,3,0,0,47,29,335,5,5,13,26,5.33853912601566,21,-5
2012,"Round 1",17,"DAL","Tyler Zeller","North Carolina","zellety01","2013","2019",7,412,17,0.8,15,22,366,5,5,12,21,4.02492235949962,12,5
2012,"Round 1",18,"HOU","Terrence Jones","Kentucky","joneste01","2013","2019",6,234,14.7,2.9,19,15,360,5,5,10,21,4.89897948556636,14,4
2012,"Round 1",19,"ORL","Andrew Nicholson","St. Bonaventure","nichoan01","2013","2017",5,285,3.9,-3.5,30,56,316,5,5,15,32,6.64830805543787,23,-4
2012,"Round 1",20,"DEN","Evan Fournier",,"fournev01","2013","2019",7,457,19.5,2.9,11,15,294,5,5,20,35,5.58569601750758,28,-8
2012,"Round 1",21,"BOS","Jared Sullinger","Ohio State","sullija01","2013","2017",5,269,15.3,4.1,18,11,374,5,5,6,19,4.65832587954085,10,11
2012,"Round 1",22,"BOS","Fab Melo","Syracuse","melofa01","2013","2013",1,6,0,0,47,29,291,5,5,25,31,2.28035085019828,29,-7
2012,"Round 1",23,"ATL","John Jenkins","Vanderbilt","jenkijo01","2013","2019",6,171,2.9,-1,32,46,274,5,5,24,39,6.45755371638518,33,-10
2012,"Round 1",24,"CLE","Jared Cunningham","Oregon State","cunnija01","2013","2016",4,84,0.2,-0.6,44,42,249,4,4,32,50,8.30160627027485,35,-11
2012,"Round 1",25,"MEM","Tony Wroten","Washington","wroteto01","2013","2016",4,145,-1.3,-1.7,56,53,297,5,5,21,33,4.6690470119715,27,-2
2012,"Round 1",26,"IND","Miles Plumlee","Duke","plumlmi01","2013","2019",7,346,10.7,0.4,22,24,192,4,4,41,63,9.93310961716756,52,-26
2012,"Round 1",27,"MIA","Arnett Moultrie","Mississippi State","moultar01","2013","2014",2,59,1.7,-0.2,36,34,336,5,5,14,26,5.76194411635517,20,7
2012,"Round 1",28,"OKC","Perry Jones","Baylor","jonespe01","2013","2015",3,143,1.7,-1.1,36,47,355,5,5,10,24,5.33853912601566,16,12
2012,"Round 1",29,"CHI","Marquis Teague","Kentucky","teaguma01","2013","2018",3,91,-0.9,-1.4,54,51,324,5,5,19,28,3.4928498393146,22,7
2012,"Round 1",30,"GSW","Festus Ezeli","Vanderbilt","ezelife01","2013","2016",3,170,5.9,0.6,27,23,279,4,4,24,35,4.92442890089805,32,-2
2012,"Round 2",31,"CHA","Jeff Taylor","Vanderbilt","tayloje03","2013","2015",3,132,1.3,-1.2,40,48,307,5,5,15,36,7.89303490426845,25,6
2012,"Round 2",32,"WAS","Tomas Satoransky",,"satorto01","2017","2019",3,210,10.3,1.9,23,19,174,4,4,48,79,14.4337567297406,56,-24
2012,"Round 2",33,"CLE","Bernard James","Florida State","jamesbe01","2013","2015",3,92,1.8,0.1,35,28,164,4,4,36,71,16.1864140562386,58,-25
2012,"Round 2",34,"CLE","Jae Crowder","Marquette","crowdja01","2013","2019",7,543,28.7,8.7,8,6,232,4,4,27,74,21.9241115365405,39,-5
2012,"Round 2",35,"GSW","Draymond Green","Michigan State","greendr01","2013","2019",7,533,43.3,21.5,4,3,286,5,5,20,37,6.45755371638518,30,5
2012,"Round 2",36,"SAC","Orlando Johnson","California, Santa Barbara","johnsor01","2013","2016",3,103,1.4,-0.5,38,40,214,4,4,31,67,15.5884572681199,42,-6
2012,"Round 2",37,"TOR","Quincy Acy","Baylor","acyqu01","2013","2019",7,337,8.6,0.3,25,26,146,4,4,51,77,13.9164171634321,64,-27
2012,"Round 2",38,"DEN","Quincy Miller","Baylor","millequ01","2013","2015",3,69,-0.1,-0.5,49,40,311,5,5,17,34,6.9065186599328,24,14
2012,"Round 2",39,"DET","Khris Middleton","Texas A&M","middlkh01","2013","2019",7,455,31,8,6,7,204,4,4,28,62,16.0831174424198,48,-9
2012,"Round 2",40,"POR","Will Barton","Memphis","bartowi01","2013","2019",7,438,16.4,3.4,17,13,284,4,4,27,39,6,31,9
2012,"Round 2",41,"POR","Tyshawn Taylor","Kansas","tayloty01","2013","2014",2,61,-1,-0.8,55,43,256,4,4,23,63,17.7388462608668,34,7
2012,"Round 2",42,"MIL","Doron Lamb","Kentucky","lambdo01","2013","2014",2,100,0.1,-1.2,46,49,301,4,4,21,32,4.57347424467075,26,16
2012,"Round 2",43,"ATL","Mike Scott","Virginia","scottmi01","2013","2019",7,436,13.4,-0.8,21,43,204,4,4,38,64,11.7473401244707,48,-5
2012,"Round 2",44,"DET","Kim English","Missouri","engliki01","2013","2013",1,41,0.2,-0.2,44,34,214,4,4,39,57,9.32737905308882,42,2
2012,"Round 2",45,"PHI","Justin Hamilton","Louisiana State","hamilju01","2014","2017",3,113,3.7,0.9,31,21,117,4,4,62,84,10.1447851956888,67,-22
2012,"Round 2",46,"NOH","Darius Miller","Kentucky","milleda01","2013","2019",5,253,5.8,0.4,28,24,247,4,4,35,50,7.22841614740048,36,10
2012,"Round 2",47,"UTA","Kevin Murphy","Tennessee Technological","murphke01","2013","2013",1,17,-0.3,-0.2,52,34,235,4,4,39,47,3.40342964277702,38,9
2012,"Round 2",48,"NYK","Kostas Papanikolaou",,"papanko01","2015","2016",2,69,0.4,-0.3,42,38,187,4,4,42,80,17.5949803447839,53,-5
2012,"Round 2",49,"ORL","Kyle O'Quinn","Norfolk State","oquinky01","2013","2019",7,443,16.8,6.3,16,8,200,4,4,42,65,10.4880884817015,51,-2
2012,"Round 2",50,"DEN","Izzet Turkyilmaz",,"turkyiz01",,,,,,,57,57,35,1,1,66,66,,98,-48
2012,"Round 2",51,"BOS","Kris Joseph","Syracuse","josepkr01","2013","2013",1,10,-0.1,-0.1,49,32,206,4,4,36,72,16.6032125405497,45,6
2012,"Round 2",52,"GSW","Ognjen Kuzmic",,"kuzmiog01","2014","2015",2,37,0.3,0,43,29,46,2,2,60,96,25.4558441227157,93,-41
2012,"Round 2",53,"LAC","Furkan Aldemir",,"aldemfu01","2015","2015",1,41,1.4,0.2,38,27,224,4,4,34,63,13.2916013582513,41,12
2012,"Round 2",54,"PHI","Tornike Shengelia",,"shengto01","2013","2014",2,45,-0.1,-0.3,49,38,164,4,4,48,90,20.1163283594862,58,-4
2012,"Round 2",55,"DAL","Darius Johnson-Odom","Marquette","johnsda03","2013","2014",2,7,-0.3,-0.1,53,32,203,4,4,44,56,6.13052471924984,50,5
2012,"Round 2",56,"TOR","Tomislav Zubcic",,"zubcito01",,,,,,,57,57,39,2,2,67,96,20.5060966544099,97,-41
2012,"Round 2",57,"NJN","Ilkan Karaman",,"karamil01",,,,,,,57,57,42,2,2,76,84,5.65685424949238,95,-38
2012,"Round 2",58,"MIN","Robbie Hummel","Purdue","hummero01","2014","2015",2,98,1.9,-0.3,34,37,159,4,4,42,81,20.597329924046,60,-2
2012,"Round 2",59,"SAS","Marcus Denmon","Missouri","denmoma01",,,,,,,57,57,156,4,4,58,69,4.96655480858378,61,-2
2012,"Round 2",60,"LAL","Robert Sacre","Gonzaga","sacrero01","2013","2016",4,189,2.4,-0.8,33,43,147,4,4,52,78,11.2657297440808,63,-3
2013,"Round 1",1,"CLE","Anthony Bennett","Nevada, Las Vegas","bennean01","2014","2017",4,151,0.5,-1.8,39,50,731,13,13,1,8,2.08781569085357,5,-4
2013,"Round 1",2,"ORL","Victor Oladipo","Indiana","oladivi01","2014","2019",6,402,24.3,10.6,9,6,735,13,13,1,9,2.60177454235196,3,-1
2013,"Round 1",3,"WAS","Otto Porter","Georgetown","porteot01","2014","2019",6,399,29,10.7,5,5,732,13,13,2,8,2.05688337801861,4,-1
2013,"Round 1",4,"CHA","Cody Zeller","Indiana","zelleco01","2014","2019",6,361,24.1,5.8,10,12,689,13,13,2,12,2.91547594742265,8,-4
2013,"Round 1",5,"PHO","Alex Len","Maryland","lenal01","2014","2019",6,412,15.6,0.8,13,22,707,13,13,1,14,3.68642694078475,7,-2
2013,"Round 1",6,"NOH","Nerlens Noel","Kentucky","noelne01","2015","2019",5,300,16.6,6.3,12,11,761,13,13,1,7,2.10615703020868,1,5
2013,"Round 1",7,"SAC","Ben McLemore","Kansas","mclembe01","2014","2019",6,368,4.7,-1.6,30,49,747,13,13,1,7,2.2216879699673,2,5
2013,"Round 1",8,"DET","Kentavious Caldwell-Pope","Georgia","caldwke01","2014","2019",6,470,23.7,7.2,11,9,612,13,13,5,26,5.66364927206153,11,-3
2013,"Round 1",9,"MIN","Trey Burke","Michigan","burketr01","2014","2019",6,361,10.2,-0.4,21,39,725,13,13,2,11,2.61896436764122,6,3
2013,"Round 1",10,"POR","C.J. McCollum","Lehigh","mccolcj01","2014","2019",6,411,27.8,6.9,6,10,661,13,13,3,19,4.2396177863528,9,1
2013,"Round 1",11,"PHI","Michael Carter-Williams","Syracuse","cartemi01","2014","2019",6,315,5.2,2.7,27,15,633,13,13,4,33,8.13822887554591,10,1
2013,"Round 1",12,"OKC","Steven Adams","Pittsburgh","adamsst01","2014","2019",6,467,38.8,11.9,3,3,548,12,12,11,41,9.1585363393278,17,-5
2013,"Round 1",13,"DAL","Kelly Olynyk","Gonzaga","olynyke01","2014","2019",6,433,24.9,8.1,7,8,551,12,12,12,28,5.37389875963326,16,-3
2013,"Round 1",14,"UTA","Shabazz Muhammad","UCLA","muhamsh01","2014","2018",5,278,8.4,-2.5,24,51,610,13,13,8,23,5.63414498780336,12,2
2013,"Round 1",15,"MIL","Giannis Antetokounmpo",,"antetgi01","2014","2019",6,465,53.2,24.8,1,1,536,9,9,9,38,9.02927338038769,20,-5
2013,"Round 1",16,"BOS","Lucas Nogueira",,"noguelu01","2015","2018",4,141,6,3.1,26,14,478,10,10,9,50,11.6218185610801,26,-10
2013,"Round 1",17,"ATL","Dennis Schroder",,"schrode01","2014","2019",6,431,13.2,0,17,26,573,10,10,10,27,4.98442017133833,14,3
2013,"Round 1",18,"ATL","Shane Larkin","Miami","larkish01","2014","2018",4,256,4.4,-0.6,32,43,542,11,11,10,30,6.23479969788343,18,0
2013,"Round 1",19,"CLE","Sergey Karasev",,"karasse01","2014","2016",3,95,0.9,-0.3,37,37,529,12,12,13,25,3.60450055381106,21,-2
2013,"Round 1",20,"CHI","Tony Snell","New Mexico","snellto01","2014","2019",6,442,13.4,0.3,16,24,400,8,8,20,48,10.5618924170137,33,-13
2013,"Round 1",21,"UTA","Gorgui Dieng","Louisville","dienggo01","2014","2019",6,452,24.4,9.2,8,7,577,11,11,9,24,4.92119719358835,13,8
2013,"Round 1",22,"BRK","Mason Plumlee","Duke","plumlma01","2014","2019",6,471,31,11.6,4,4,557,12,12,13,25,4.4585634321817,15,7
2013,"Round 1",23,"IND","Solomon Hill","Arizona","hillso01","2014","2019",6,305,9.1,2.2,23,17,255,7,7,41,79,12.4460741563258,51,-28
2013,"Round 1",24,"NYK","Tim Hardaway","Michigan","hardati02","2014","2019",6,403,15,0.6,14,23,411,9,9,16,56,11.652372195299,31,-7
2013,"Round 1",25,"LAC","Reggie Bullock","North Carolina","bullore01","2014","2019",6,272,9.8,1.6,22,20,471,10,10,21,37,5.3166405433005,27,-2
2013,"Round 1",26,"MIN","Andre Roberson","Colorado","roberan03","2014","2018",5,295,12.7,4.3,18,13,287,6,6,27,67,14.7749788493926,46,-20
2013,"Round 1",27,"DEN","Rudy Gobert",,"goberru01","2014","2019",6,406,52.9,21,2,2,519,10,10,11,35,8.03049742474829,22,5
2013,"Round 1",28,"SAS","Livio Jean-Charles",,"jeancli01",,,,,,,52,52,369,8,8,26,47,8.65200224555813,35,-7
2013,"Round 1",29,"OKC","Archie Goodwin","Kentucky","goodwar01","2014","2017",4,165,1.2,-1.3,36,47,421,9,9,16,50,10.3333333333333,30,-1
2013,"Round 1",30,"PHO","Nemanja Nedovic",,"nedovne01","2014","2014",1,24,-0.4,-0.3,50,34,284,6,6,25,63,13.1605471010897,47,-17
2013,"Round 2",31,"CLE","Allen Crabbe","California","crabbal01","2014","2019",6,344,13.9,2.1,15,19,493,10,10,11,36,7.56894238905865,23,8
2013,"Round 2",32,"OKC","Alex Abrines",,"abrinal01","2017","2019",3,174,4.9,-0.4,29,40,253,6,5,33,130,35.6202189774291,52,-20
2013,"Round 2",33,"CLE","Carrick Felix","Arizona State","felixca01","2014","2014",1,7,0,0,42,26,182,6,5,53,123,26.3868654194974,66,-33
2013,"Round 2",34,"HOU","Isaiah Canaan","Murray State","canaais01","2014","2019",6,235,4.2,-1.3,33,48,357,7,7,26,69,14.6936980336729,36,-2
2013,"Round 2",35,"PHI","Glen Rice","Georgia Tech","ricegl02","2014","2015",2,16,-0.2,-0.2,48,33,353,8,7,17,101,27.5629150438462,39,-4
2013,"Round 2",36,"SAC","Ray McCallum","Detroit Mercy","mccalra01","2014","2016",3,154,2.1,-0.6,35,43,321,8,8,33,52,7.46420027292179,42,-6
2013,"Round 2",37,"DET","Tony Mitchell","North Texas","mitchto02","2014","2014",1,21,0.2,0.1,40,25,479,10,10,10,34,8.78382351573366,25,12
2013,"Round 2",38,"WAS","Nate Wolters","South Dakota State","woltena01","2014","2018",3,84,0.9,-0.8,37,46,381,8,8,21,65,15.4729025811486,34,4
2013,"Round 2",39,"POR","Jeff Withey","Kansas","witheje01","2014","2018",5,206,6.7,1.4,25,21,485,11,11,16,36,7.11720067544435,24,15
2013,"Round 2",40,"POR","Grant Jerrett","Arizona","jerregr01","2015","2015",1,8,-0.1,-0.1,45,28,250,7,7,38,100,21.4087209644419,53,-13
2013,"Round 2",41,"MEM","Jamaal Franklin","San Diego State","frankja01","2014","2015",2,24,0,-0.1,42,28,538,11,11,11,32,6.28996314485517,19,22
2013,"Round 2",42,"PHI","Pierre Jackson","Baylor","jackspi01","2017","2017",1,8,0,-0.1,42,28,357,8,8,27,49,7.11010347523659,36,6
2013,"Round 2",43,"MIL","Ricky Ledo","Providence College","ledori01","2014","2015",2,28,-0.6,-0.4,51,40,424,8,8,19,42,8.04895734152656,29,14
2013,"Round 2",44,"DAL","Mike Muscala","Bucknell","muscami01","2014","2019",6,307,12,2.5,19,16,341,9,9,24,71,17.5783958312469,41,3
2013,"Round 2",45,"POR","Marko Todorovic",,"todorma01",,,,,,,52,52,189,6,6,50,84,14.1197261540961,64,-19
2013,"Round 2",46,"UTA","Erick Green","Virginia Tech","greener01","2015","2016",2,52,0.1,-0.3,41,34,443,9,9,15,54,13.9821314541096,28,18
2013,"Round 2",47,"ATL","Raul Neto",,"netora01","2016","2019",4,199,4.5,-0.1,31,28,83,5,4,66,103,15.5016128193166,85,-38
2013,"Round 2",48,"LAL","Ryan Kelly","Duke","kellyry01","2014","2017",4,163,3.1,-0.3,34,37,222,7,7,29,79,18.0409586906071,58,-10
2013,"Round 2",49,"CHI","Erik Murphy","Florida","murpher01","2014","2014",1,24,-0.1,-0.1,45,28,207,6,5,43,114,26.1457453517776,62,-13
2013,"Round 2",50,"ATL","James Ennis","California State University, Long Beach","ennisja01","2015","2019",5,278,11.6,2.1,20,18,267,7,7,36,85,16.5111794738912,49,1
2013,"Round 2",51,"ORL","Romero Osby","Oklahoma",,,,,,,,52,52,45,4,4,72,97,10.9962114688045,98,-47
2013,"Round 2",52,"MIN","Lorenzo Brown","NC State","brownlo01","2014","2019",5,103,-0.1,-0.6,45,43,403,8,8,20,48,9.67230951885698,32,20
2013,"Round 2",53,"IND","Colton Iverson","Colorado State","iversco01",,,,,,,52,52,181,7,6,43,102,19.2527054375915,67,-14
2013,"Round 2",54,"WAS","Arsalan Kazemi","Oregon","kazemar01",,,,,,,52,52,179,4,4,46,77,14.6144905259586,68,-14
2013,"Round 2",55,"MEM","Joffrey Lauvergne",,"lauvejo01","2015","2018",4,208,5.2,-0.4,27,40,70,4,4,56,95,18.411952639522,90,-35
2013,"Round 2",56,"DET","Peyton Siva","Louisville","sivape01","2014","2014",1,24,-0.2,-0.3,48,34,183,7,7,35,77,14.8964681016932,65,-9
2013,"Round 2",57,"PHO","Alex Oriakhi","Missouri","oriakal01",,,,,,,52,52,103,4,4,57,98,18.1544301296773,83,-26
2013,"Round 2",58,"SAS","Deshaun Thomas","Ohio State","thomade01",,,,,,,52,52,346,7,7,22,53,10.8583959176649,40,18
2013,"Round 2",59,"MIN","Bojan Dubljevic",,"dubljbo01",,,,,,,52,52,224,5,5,41,67,11.1669154201149,57,2
2013,"Round 2",60,"MEM","Janis Timma",,"timmaja01",,,,,,,52,52,113,3,3,55,79,13.5769412362775,79,-19
2014,"Round 1",1,"CLE","Andrew Wiggins","Kansas","wiggian01","2015","2019",5,400,13.1,-1.9,15,51,898,12,12,1,7,1.72986249234563,1,0
2014,"Round 1",2,"MIL","Jabari Parker","Duke","parkeja01","2015","2019",5,247,11.5,0.9,17,20,898,12,12,1,8,1.88092498199125,1,1
2014,"Round 1",3,"PHI","Joel Embiid","Kansas","embiijo01","2017","2019",3,158,16.8,6.5,7,3,892,12,12,1,8,2.15146180044822,3,0
2014,"Round 1",4,"ORL","Aaron Gordon","Arizona","gordoaa01","2015","2019",5,341,18.1,5.4,5,8,836,12,12,4,11,1.88092498199125,7,-3
2014,"Round 1",5,"UTA","Dante Exum",,"exumda01","2015","2019",4,204,2.8,-1.2,28,47,875,12,12,2,9,1.96946385566932,4,1
2014,"Round 1",6,"BOS","Marcus Smart","Oklahoma State","smartma01","2015","2019",5,341,16.2,6.2,9,4,862,12,12,2,8,1.67648622440092,5,1
2014,"Round 1",7,"LAL","Julius Randle","Kentucky","randlju01","2015","2019",5,311,17.7,3.6,6,11,823,12,12,5,22,5.26279105579632,8,-1
2014,"Round 1",8,"SAC","Nik Stauskas","Michigan","stausni01","2015","2019",5,335,3.8,-2,27,53,770,12,12,8,30,5.59964825735158,10,-2
2014,"Round 1",9,"CHH","Noah Vonleh","Indiana","vonleno01","2015","2019",5,299,8.3,-0.7,22,42,850,12,12,4,11,2.57464325272219,6,3
2014,"Round 1",10,"PHI","Elfrid Payton","Louisiana at Lafayette","paytoel01","2015","2019",5,342,13.2,4.3,14,9,727,12,12,9,36,8.12776759390954,14,-4
2014,"Round 1",11,"DEN","Doug McDermott","Creighton","mcderdo01","2015","2019",5,341,10.6,-1.8,19,50,774,12,12,8,34,7.36237362910532,9,2
2014,"Round 1",12,"ORL","Dario Saric",,"saricda01","2017","2019",3,240,11.1,2.4,18,12,743,12,12,6,35,7.88938681029294,12,0
2014,"Round 1",13,"MIN","Zach LaVine","UCLA","lavinza01","2015","2019",5,293,8,0.9,23,19,703,12,12,8,35,8.39191530130294,17,-4
2014,"Round 1",14,"PHO","T.J. Warren","NC State","warretj01","2015","2019",5,261,12.9,1.3,16,17,693,12,12,10,30,5.72871554697751,18,-4
2014,"Round 1",15,"ATL","Adreian Payne","Michigan State","paynead01","2015","2018",4,107,-0.6,-1.2,52,47,693,12,12,9,33,6.65377541496009,18,-3
2014,"Round 1",16,"CHI","Jusuf Nurkic",,"nurkiju01","2015","2019",5,310,16.5,5.8,8,7,718,12,12,5,29,6.81520136877625,15,1
2014,"Round 1",17,"BOS","James Young","Kentucky","youngja01","2015","2018",4,95,0.8,-0.5,37,38,676,12,12,13,32,7.58537268615582,20,-3
2014,"Round 1",18,"PHO","Tyler Ennis","Syracuse","ennisty01","2015","2018",4,186,1.3,-1.5,29,49,728,12,12,9,34,6.4731379679036,13,5
2014,"Round 1",19,"CHI","Gary Harris","Michigan State","harriga01","2015","2019",5,312,16,4.3,11,9,766,12,12,9,24,4.3161079549506,11,8
2014,"Round 1",20,"TOR","Bruno Caboclo",,"cabocbr01","2015","2019",5,69,1.2,0.1,32,23,36,2,1,65,129,45.254833995939,127,-107
2014,"Round 1",21,"OKC","Mitch McGary","Michigan","mcgarmi01","2015","2016",2,52,1.3,-0.2,29,29,574,12,12,21,45,6.44498865692398,27,-6
2014,"Round 1",22,"MEM","Jordan Adams","UCLA","adamsjo01","2015","2016",2,32,0.4,0.1,40,23,622,11,11,12,32,5.57592226370751,26,-4
2014,"Round 1",23,"UTA","Rodney Hood","Duke","hoodro01","2015","2019",5,320,16.1,2,10,15,629,12,12,13,57,13.523268387442,25,-2
2014,"Round 1",24,"CHH","Shabazz Napier","Connecticut","napiesh01","2015","2019",5,289,6.4,0.5,24,22,630,12,12,16,37,5.83290041683614,24,0
2014,"Round 1",25,"HOU","Clint Capela",,"capelca01","2015","2019",5,295,31.3,7.3,2,2,671,12,12,6,37,8.08290376865476,21,4
2014,"Round 1",26,"MIA","P.J. Hairston","North Carolina","hairspj02","2015","2016",2,111,0.9,-1,36,45,668,12,12,15,36,5.28218848125615,22,4
2014,"Round 1",27,"PHO","Bogdan Bogdanovic",,"bogdabo01","2018","2019",2,148,5.6,1.2,25,18,437,9,8,29,114,26.839543794765,37,-10
2014,"Round 1",28,"LAC","C.J. Wilcox","Washington","wilcocj01","2015","2017",3,66,0.1,-0.3,45,33,474,10,10,24,74,17.757940321007,34,-6
2014,"Round 1",29,"OKC","Josh Huestis","Stanford","huestjo01","2016","2018",3,76,0.7,-0.5,38,38,236,7,7,39,93,22.1649659211494,61,-32
2014,"Round 1",30,"SAS","Kyle Anderson","UCLA","anderky01","2015","2019",5,300,15.4,6,12,6,709,12,12,4,27,5.70220584643798,16,14
2014,"Round 2",31,"MIL","Damien Inglis",,"inglida01","2016","2016",1,20,-0.1,-0.2,47,29,446,9,8,12,121,32.0117166050182,35,-4
2014,"Round 2",32,"PHI","K.J. McDaniels","Clemson","mcdankj01","2015","2017",3,148,1.3,-0.7,29,42,661,12,12,13,32,5.96708141439855,23,9
2014,"Round 2",33,"CLE","Joe Harris","Virginia","harrijo01","2015","2019",5,262,10.5,2.2,20,13,246,9,9,30,90,18.7246124422139,59,-26
2014,"Round 2",34,"NYK","Cleanthony Early","Wichita State","earlycl01","2015","2016",2,56,-0.6,-0.7,53,42,559,12,12,11,73,15.299039383589,29,5
2014,"Round 2",35,"UTA","Jarnell Stokes","Tennessee","stokeja01","2015","2017",3,28,0.7,0.1,38,23,574,11,11,18,38,6.7095589883525,27,8
2014,"Round 2",36,"MIL","Johnny O'Bryant III","Louisiana State","obryajo01","2015","2018",4,147,0.2,-1.9,42,51,337,9,8,34,115,26.3602183433884,50,-14
2014,"Round 2",37,"TOR","DeAndre Daniels","Connecticut","daniede01",,,,,,,54,54,348,9,9,36,70,12.7082650271388,48,-11
2014,"Round 2",38,"DET","Spencer Dinwiddie","Colorado","dinwisp01","2015","2019",5,253,13.5,2.2,13,13,544,11,11,17,47,8.85437744847146,32,6
2014,"Round 2",39,"PHI","Jerami Grant","Syracuse","grantje01","2015","2019",5,383,18.2,2,4,15,557,12,12,22,47,7.14567044164549,30,9
2014,"Round 2",40,"MIN","Glenn Robinson III","Michigan","robingl02","2015","2019",5,219,4.7,-0.5,26,38,550,12,12,15,40,6.6120871870913,31,9
2014,"Round 2",41,"DEN","Nikola Jokic",,"jokicni01","2016","2019",4,308,38.9,21.2,1,1,437,10,10,16,72,16.8394378370142,37,4
2014,"Round 2",42,"HOU","Nick Johnson","Arizona","johnsni01","2015","2015",1,28,-0.1,-0.3,47,32,410,10,10,31,60,10.4077962231311,42,0
2014,"Round 2",43,"ATL","Walter Tavares",,"tavarwa01","2016","2017",2,13,0.3,0,41,26,481,10,10,30,62,9.00678756395543,33,10
2014,"Round 2",44,"MIN","Markel Brown","Oklahoma State","brownma02","2015","2018",3,113,1.1,-0.4,33,36,334,8,8,35,61,8.64787339672097,51,-7
2014,"Round 2",45,"CHH","Dwight Powell","Stanford","poweldw01","2015","2019",5,331,22.4,6.2,3,4,353,9,9,40,73,10.6392877790031,47,-2
2014,"Round 2",46,"WAS","Jordan Clarkson","Missouri","clarkjo01","2015","2019",5,382,10.5,0.7,20,21,444,10,9,19,103,23.7554672069867,36,10
2014,"Round 2",47,"PHI","Russ Smith","Louisville","smithru01","2015","2016",2,27,-0.2,-0.1,50,28,424,10,10,22,79,16.8064141194829,39,8
2014,"Round 2",48,"MIL","Lamar Patterson","Pittsburgh","pattela01","2016","2017",2,40,0.1,-0.4,43,36,270,7,7,43,84,15.0759979532273,53,-5
2014,"Round 2",49,"CHI","Cameron Bairstow","New Mexico","bairsca01","2015","2016",2,36,-0.1,-0.2,47,29,120,5,4,48,125,30.5892137852544,83,-34
2014,"Round 2",50,"PHO","Alec Brown","Wisconsin-Green Bay","brownal01",,,,,,,54,54,171,8,7,52,119,21.6295928235898,72,-22
2014,"Round 2",51,"NYK","Thanasis Antetokounmpo",,"antetth01","2016","2016",1,2,0,0,46,26,380,9,9,23,65,13.4608485781709,45,6
2014,"Round 2",52,"PHI","Vasilije Micic",,"micicva01",,,,,,,54,54,421,9,8,21,105,24.279621084358,40,12
2014,"Round 2",53,"MIN","Alessandro Gentile",,"gential01",,,,,,,54,54,183,6,6,53,96,15.8839541676498,69,-16
2014,"Round 2",54,"PHI","Nemanja Dangubic",,"dangune01",,,,,,,54,54,149,4,4,46,94,20.9821352583573,76,-22
2014,"Round 2",55,"MIA","Semaj Christon","Xavier","chrisse01","2017","2017",1,64,0.1,-1.1,43,46,355,9,8,32,104,22.053596330556,46,9
2014,"Round 2",56,"DEN","Roy Devyn Marble","Iowa","marblde01","2015","2016",2,44,-0.2,-0.3,50,33,257,7,7,48,79,11.716898663286,56,0
2014,"Round 2",57,"IND","Louis Labeyrie",,"labeylo01",,,,,,,54,54,,,,,,,,
2014,"Round 2",58,"SAS","Jordan McRae","Tennessee","mcraejo01","2016","2019",3,86,1.1,-0.6,33,41,212,8,8,38,91,19.6863803536499,66,-8
2014,"Round 2",59,"TOR","Xavier Thames","San Diego State","thamexa01",,,,,,,54,54,127,7,6,69,124,19.1348597366915,80,-21
2014,"Round 2",60,"SAS","Cory Jefferson","Baylor","jeffeco01","2015","2016",2,58,0.9,-0.3,35,33,299,8,8,37,78,12.8834057165465,52,8
2015,"Round 1",1,"MIN","Karl-Anthony Towns","Kentucky","townska01","2016","2019",4,323,45.4,19.6,1,1,741,11,11,1,2,0.301511344577764,1,0
2015,"Round 1",2,"LAL","D'Angelo Russell","Ohio State","russeda01","2016","2019",4,272,6.7,4.6,24,7,720,11,11,2,4,0.774596669241483,3,-1
2015,"Round 1",3,"PHI","Jahlil Okafor","Duke","okafoja01","2016","2019",4,190,5.2,-1.5,26,43,726,11,11,1,4,0.934198732993828,2,1
2015,"Round 1",4,"NYK","Kristaps Porzingis",,"porzikr01","2016","2018",3,186,12.1,2.8,8,11,677,11,11,3,12,2.91391645228704,7,-3
2015,"Round 1",5,"ORL","Mario Hezonja",,"hezonma01","2016","2019",4,277,2.4,-1.3,31,40,683,11,11,3,11,2.24823162831267,6,-1
2015,"Round 1",6,"SAC","Willie Cauley-Stein","Kentucky","caulewi01","2016","2019",4,295,17.3,4.8,4,6,665,11,11,6,14,2.32379000772445,8,-2
2015,"Round 1",7,"DEN","Emmanuel Mudiay",,"mudiaem01","2016","2019",4,246,-1.1,-2.9,44,44,701,11,11,2,9,2.05382127220988,4,3
2015,"Round 1",8,"DET","Stanley Johnson","Arizona","johnsst04","2016","2019",4,285,3.3,-0.2,28,30,657,11,11,6,13,2.10194714923611,9,-1
2015,"Round 1",9,"CHO","Frank Kaminsky","Wisconsin","kaminfr01","2016","2019",4,282,11,1.2,9,18,623,11,11,9,22,3.99545195987092,10,-1
2015,"Round 1",10,"MIA","Justise Winslow","Duke","winslju01","2016","2019",4,230,7.8,2.1,20,12,688,11,11,3,7,1.22102788293679,5,5
2015,"Round 1",11,"IND","Myles Turner","Texas","turnemy01","2016","2019",4,280,22.1,6.8,2,2,620,11,11,7,20,3.70012284808344,11,0
2015,"Round 1",12,"UTA","Trey Lyles","Kentucky","lylestr01","2016","2019",4,288,8.2,-0.6,19,34,594,11,11,9,19,3.44568241031109,13,-1
2015,"Round 1",13,"PHO","Devin Booker","Kentucky","bookede01","2016","2019",4,272,9.8,2,13,13,612,11,11,10,22,3.42981579150198,12,1
2015,"Round 1",14,"OKC","Cameron Payne","Murray State","payneca01","2016","2019",4,153,2.4,-0.6,31,34,577,11,11,10,23,4.69041575982343,15,-1
2015,"Round 1",15,"ATL","Kelly Oubre","Kansas","oubreke01","2016","2019",4,292,8.3,-0.5,17,33,574,11,11,8,22,4.22115882408869,16,-1
2015,"Round 1",16,"BOS","Terry Rozier","Louisville","roziete01","2016","2019",4,272,9.9,2,12,13,391,10,10,17,50,10.8161402029046,30,-14
2015,"Round 1",17,"MIL","Rashad Vaughn","Nevada, Las Vegas","vaughra01","2016","2018",3,139,-0.6,-1.4,43,42,435,10,10,19,40,6.34647758821992,26,-9
2015,"Round 1",18,"HOU","Sam Dekker","Wisconsin","dekkesa01","2016","2019",4,200,5.3,-2.77555756156289e-17,25,25,563,11,11,13,22,3.03614588222994,17,1
2015,"Round 1",19,"WAS","Jerian Grant","Notre Dame","grantje02","2016","2019",4,273,8.3,-0.1,17,26,549,11,11,15,25,3.88236104358253,18,1
2015,"Round 1",20,"TOR","Delon Wright","Utah","wrighde01","2016","2019",4,198,10.5,3.7,10,8,487,11,11,16,30,4.04519917477945,24,-4
2015,"Round 1",21,"DAL","Justin Anderson","Virginia","anderju01","2016","2019",4,216,4.6,0.1,27,21,515,11,11,16,26,3.20227192076898,22,-1
2015,"Round 1",22,"CHI","Bobby Portis","Arkansas","portibo01","2016","2019",4,249,9,0,15,23,583,11,11,11,19,2.58316226217543,14,8
2015,"Round 1",23,"POR","Rondae Hollis-Jefferson","Arizona","holliro01","2016","2019",4,234,9.1,1.4,14,16,546,11,11,9,26,5.65363921413777,19,4
2015,"Round 1",24,"CLE","Tyus Jones","Duke","jonesty01","2016","2019",4,247,8.4,0.7,16,19,531,11,11,14,28,4.33170132438011,21,3
2015,"Round 1",25,"MEM","Jarell Martin","Louisiana State","martija01","2016","2019",4,184,3.2,-1.3,29,40,398,10,10,27,39,4.13118223595458,29,-4
2015,"Round 1",26,"SAS","Nikola Milutinov",,"milutni01",,,,,,,45,45,344,8,8,28,43,4.40778532015472,36,-10
2015,"Round 1",27,"LAL","Larry Nance Jr.","Wyoming","nancela02","2016","2019",4,259,16.4,6.2,5,3,207,6,6,32,64,11.2561094522042,54,-27
2015,"Round 1",28,"BOS","R.J. Hunter","Georgia State","hunterj01","2016","2019",4,45,0.4,-0.1,38,27,507,11,11,14,33,5.23970852763257,23,5
2015,"Round 1",29,"BRK","Chris McCullough","Syracuse","mcculch01","2016","2018",3,59,0.6,-0.1,34,27,428,11,11,25,33,2.54415551268535,27,2
2015,"Round 1",30,"GSW","Kevon Looney","UCLA","looneke01","2016","2019",4,204,10.3,3.1,11,9,537,11,11,13,24,3.32483765837453,20,10
2015,"Round 2",31,"MIN","Cedi Osman",,"osmande01","2018","2019",2,137,2.4,-0.3,31,31,294,9,9,28,56,9.20295846151902,44,-13
2015,"Round 2",32,"HOU","Montrezl Harrell","Louisville","harremo01","2016","2019",4,255,19.2,5.7,3,4,478,10,10,18,36,5.28730134903956,25,7
2015,"Round 2",33,"BOS","Jordan Mickey","Louisiana State","mickejo01","2016","2018",3,64,0.5,-0.3,36,31,390,10,10,26,46,6.05530070819498,31,2
2015,"Round 2",34,"LAL","Anthony Brown","Stanford","brownan02","2016","2018",3,41,-0.3,-0.6,42,34,348,9,9,23,45,7.41619848709566,32,2
2015,"Round 2",35,"PHI","Willy Hernangomez",,"hernawi01","2017","2019",3,178,7.8,1.5,20,15,345,8,8,31,43,4.77904652773811,33,2
2015,"Round 2",36,"MIN","Rakeem Christmas","Syracuse","chrisra01","2016","2017",2,30,0.5,-0.1,36,27,313,9,9,29,51,7.58470683532184,41,-5
2015,"Round 2",37,"PHI","Richaun Holmes","Bowling Green State","holmeri01","2016","2019",4,226,12.4,3,7,10,345,10,10,29,50,7.16550378162237,33,4
2015,"Round 2",38,"DET","Darrun Hilliard","Villanova","hillida01","2016","2018",3,91,0.3,-0.7,39,38,115,5,5,55,87,12.7082650271388,69,-31
2015,"Round 2",39,"CHO","Juan Pablo Vaulet",,"vauleju01",,,,,,,45,45,49,4,4,67,97,14.5688022843335,90,-51
2015,"Round 2",40,"MIA","Josh Richardson","Tennessee","richajo01","2016","2019",4,259,15.7,5.6,6,5,233,6,6,30,59,9.60034721594311,51,-11
2015,"Round 2",41,"BRK","Pat Connaughton","Notre Dame","connapa01","2016","2019",4,216,6.8,1.3,23,17,225,8,8,32,59,9.58328157335919,53,-12
2015,"Round 2",42,"UTA","Olivier Hanlan","Boston College","hanlaol01",,,,,,,45,45,302,9,9,30,52,7.42929636267422,43,-1
2015,"Round 2",43,"IND","Joseph Young","Oregon","youngjo01","2016","2018",3,127,0.3,-0.9,39,39,294,10,10,31,53,7.23878442834154,44,-1
2015,"Round 2",44,"PHO","Andrew Harrison","Kentucky","harrian01","2017","2019",3,145,3.2,-0.6,29,37,253,9,9,36,60,6.83333333333333,49,-5
2015,"Round 2",45,"BOS","Marcus Thornton","College of William & Mary","thornma02",,,,,,,45,45,35,4,4,83,99,6.9940450861191,100,-55
2015,"Round 2",46,"MIL","Norman Powell","UCLA","powelno01","2016","2019",4,255,7.4,0.7,22,20,330,9,9,27,50,7.24185366080014,39,7
2015,"Round 2",47,"PHI","Arturas Gudaitis",,"gudaiar01",,,,,,,45,45,279,7,7,35,56,7.65630770143466,46,1
2015,"Round 2",48,"OKC","Dakari Johnson","Kentucky","johnsda04","2018","2018",1,31,0.6,0.1,34,21,307,10,10,34,50,5.45791983166562,42,6
2015,"Round 2",49,"WAS","Aaron White","Iowa","whiteaa01",,,,,,,45,45,207,6,6,48,61,5.03653319920227,54,-5
2015,"Round 2",50,"ATL","Marcus Eriksson",,"eriksma01",,,,,,,45,45,9,2,2,93,100,4.94974746830583,120,-70
2015,"Round 2",51,"ORL","Tyler Harvey","Eastern Washington","harvety01",,,,,,,45,45,190,6,6,46,72,9.48683298050514,56,-5
2015,"Round 2",52,"DAL","Satnam Singh",,"singhsa01",,,,,,,45,45,68,3,3,61,94,16.5630109984065,79,-27
2015,"Round 2",53,"CLE","Sir'Dominic Pointer","St. John's","pointsi01",,,,,,,45,45,80,4,4,78,88,4.69041575982343,76,-23
2015,"Round 2",54,"UTA","Dani Diez",,"diezda01",,,,,,,45,45,176,6,6,49,74,9.39503414930817,58,-4
2015,"Round 2",55,"SAS","Cady Lalanne","Massachusetts Amherst","lalanca01",,,,,,,45,45,115,4,4,64,88,10.9048918686371,69,-14
2015,"Round 2",56,"NOP","Branden Dawson","Michigan State","dawsobr01","2016","2016",1,6,0,0,41,23,140,5,5,47,76,12.747548783982,63,-7
2015,"Round 2",57,"DEN","Nikola Radicevic",,"radicni01",,,,,,,45,45,79,4,4,64,100,17.9141471096635,77,-20
2015,"Round 2",58,"PHI","J.P. Tokoto","North Carolina","tokotjp01",,,,,,,45,45,271,9,9,37,53,5.3619026473818,47,11
2015,"Round 2",59,"ATL","Dimitrios Agravanis",,"agravdi01",,,,,,,45,45,25,1,1,76,76,,106,-47
2015,"Round 2",60,"PHI","Luka Mitrovic",,"mitrolu01",,,,,,,45,45,158,4,4,40,78,15.8008438593218,60,0
2016,"Round 1",1,"PHI","Ben Simmons","Louisiana State","simmobe01","2018","2019",2,160,17.4,8.7,1,1,891,12,12,1,2,0.492365963917331,1,0
2016,"Round 1",2,"LAL","Brandon Ingram","Duke","ingrabr01","2017","2019",3,190,4.5,-1,16,48,887,12,12,1,2,0.492365963917331,2,0
2016,"Round 1",3,"BOS","Jaylen Brown","California","brownja02","2017","2019",3,222,9,0.3,8,15,824,12,12,3,11,2.46644143115812,6,-3
2016,"Round 1",4,"PHO","Dragan Bender",,"bendedr01","2017","2019",3,171,0.3,-1,36,48,850,12,12,3,15,3.44106220387093,4,0
2016,"Round 1",5,"MIN","Kris Dunn","Providence College","dunnkr01","2017","2019",3,176,1.5,0.7,27,11,860,12,12,3,5,0.792961461098759,3,2
2016,"Round 1",6,"NOP","Buddy Hield","Oklahoma","hieldbu01","2017","2019",3,244,10,2.6,7,4,815,12,12,4,22,4.73542420742244,7,-1
2016,"Round 1",7,"DEN","Jamal Murray","Kentucky","murraja01","2017","2019",3,238,11.9,2.2,6,6,831,12,12,4,12,2.57022578892606,5,2
2016,"Round 1",8,"SAC","Marquese Chriss","Washington","chrisma01","2017","2019",3,197,2.3,-0.3,24,39,805,12,12,5,16,3.37099931231621,8,0
2016,"Round 1",9,"TOR","Jakob Poeltl","Utah","poeltja01","2017","2019",3,213,12.3,4.2,5,3,772,12,12,7,20,4.00283990096123,9,0
2016,"Round 1",10,"MIL","Thon Maker",,"makerth01","2017","2019",3,195,4.8,0.2,14,16,551,10,10,11,41,10.3923048454133,29,-19
2016,"Round 1",11,"ORL","Domantas Sabonis","Gonzaga","sabondo01","2017","2019",3,229,13.1,2.2,4,6,748,12,12,8,19,4.18058282148228,11,0
2016,"Round 1",12,"UTA","Taurean Prince","Baylor","princta02","2017","2019",3,196,4.6,0.7,15,10,600,12,12,19,35,5.12495380614806,23,-11
2016,"Round 1",13,"PHO","Georgios Papagiannis",,"papagge01","2017","2018",2,39,0.4,-0.2,34,36,394,9,9,24,52,8.86629071884692,44,-31
2016,"Round 1",14,"CHI","Denzel Valentine","Michigan State","valende01","2017","2018",2,134,3.1,0.6,19,12,677,12,12,10,27,5.40762648880489,16,-2
2016,"Round 1",15,"DEN","Juan Hernangomez",,"hernaju01","2017","2019",3,157,5.2,0.4,11,13,547,12,12,15,97,21.9254936712329,30,-15
2016,"Round 1",16,"BOS","Guerschon Yabusele",,"yabusgu01","2018","2019",2,74,1.1,0.1,28,20,420,11,10,24,102,21.2196307053805,41,-25
2016,"Round 1",17,"MEM","Wade Baldwin","Vanderbilt","baldwwa01","2017","2019",3,56,-0.3,-0.6,51,43,740,12,12,6,33,7.19164077034559,12,5
2016,"Round 1",18,"DET","Henry Ellenson","Marquette","ellenhe01","2017","2019",3,76,0.3,-0.7,36,45,727,12,12,6,31,6.22312403277267,13,5
2016,"Round 1",19,"DEN","Malik Beasley","Florida State","beaslma01","2017","2019",3,165,5,0.1,12,21,634,12,12,12,30,5.81729396634802,19,0
2016,"Round 1",20,"IND","Caris LeVert","Michigan","leverca01","2017","2019",3,168,5.8,1.5,9,8,465,11,11,22,50,9.08044852716789,37,-17
2016,"Round 1",21,"ATL","DeAndre Bembry","Saint Joseph's","bembrde01","2017","2019",3,146,0.8,-0.6,31,42,652,12,12,13,30,4.88271533994243,17,4
2016,"Round 1",22,"CHO","Malachi Richardson","Syracuse","richama01","2017","2019",3,70,-0.1,-0.8,47,46,519,11,11,15,52,11.9954536842468,32,-10
2016,"Round 1",23,"BOS","Ante Zizic",,"zizican01","2018","2019",2,91,3,-0.2,20,35,634,12,12,13,36,7.37471108833178,19,4
2016,"Round 1",24,"PHI","Timothe Luwawu",,"luwawti01","2017","2019",3,171,1.8,-1.6,25,53,692,11,11,8,32,7.9852136078903,15,9
2016,"Round 1",25,"LAC","Brice Johnson","North Carolina","johnsbr02","2017","2018",2,21,0.2,0,39,22,582,11,11,7,38,9.20079047987429,26,-1
2016,"Round 1",26,"PHI","Furkan Korkmaz",,"korkmfu01","2018","2019",2,62,1.1,-0.1,28,25,632,12,12,9,96,23.3839818264684,21,5
2016,"Round 1",27,"TOR","Pascal Siakam","New Mexico State","siakapa01","2017","2019",3,216,15.6,5.4,2,2,385,10,10,30,53,7.61869046781955,45,-18
2016,"Round 1",28,"PHO","Skal Labissiere","Kentucky","labissk01","2017","2019",3,115,3,-0.3,20,40,715,12,12,10,32,6.50873538897045,14,14
2016,"Round 1",29,"SAS","Dejounte Murray","Washington","murrade01","2017","2018",2,119,3.2,1.2,18,9,642,11,11,9,33,9.18793675523411,18,11
2016,"Round 1",30,"GSW","Damian Jones","Vanderbilt","jonesda03","2017","2019",3,49,1.6,0.2,26,16,539,10,10,15,39,7.4951836386961,31,-1
2016,"Round 2",31,"BOS","Deyonta Davis","Michigan State","davisde01","2017","2019",3,107,3.6,0.2,17,16,753,12,12,6,19,3.48590234394413,10,21
2016,"Round 2",32,"LAL","Ivica Zubac",,"zubaciv01","2017","2019",3,140,5.3,0.4,10,13,552,12,12,15,89,20.2460246752669,28,4
2016,"Round 2",33,"LAC","Cheick Diallo","Kansas","diallch01","2017","2019",3,133,5,-0.3,12,40,599,11,11,17,35,4.83359455929398,24,9
2016,"Round 2",34,"PHO","Tyler Ulis","Kentucky","ulisty01","2017","2019",3,133,0.5,-1.9,33,54,573,12,12,18,45,8.7368949480541,27,7
2016,"Round 2",35,"BOS","Rade Zagorac",,"zagorra01",,,,,,,55,55,361,10,9,30,101,20.917828652983,46,-11
2016,"Round 2",36,"MIL","Malcolm Brogdon","Virginia","brogdma01","2017","2019",3,187,13.3,2.6,3,4,505,10,10,22,46,8.05812219647564,33,3
2016,"Round 2",37,"HOU","Chinanu Onuaku","Louisville","onuakch01","2017","2018",2,6,0,-0.1,41,25,468,11,11,11,89,20.4228036540263,36,1
2016,"Round 2",38,"MIL","Patrick McCaw","Nevada, Las Vegas","mccawpa01","2017","2019",3,157,2.8,-0.1,22,24,583,11,11,18,36,5.18213715126737,25,13
2016,"Round 2",39,"NOP","David Michineau",,"michida01",,,,,,,55,55,38,3,3,82,98,8.50490054811538,100,-61
2016,"Round 2",40,"NOP","Diamond Stone","Maryland","stonedi01","2017","2017",1,7,-0.1,-0.1,47,25,476,11,11,25,51,8.7094515013602,35,5
2016,"Round 2",41,"ORL","Stephen Zimmerman","Nevada, Las Vegas","zimmest01","2017","2017",1,19,0,-0.1,41,25,395,11,11,27,93,18.4188638480919,43,-2
2016,"Round 2",42,"UTA","Isaiah Whitehead","Seton Hall","whiteis01","2017","2018",2,89,-0.9,-1.4,54,52,341,9,9,41,62,7.29345216234702,49,-7
2016,"Round 2",43,"HOU","Zhou Qi",,"qizh01","2018","2019",2,19,-0.3,-0.2,51,36,505,11,11,16,50,11.5593331043872,33,10
2016,"Round 2",44,"ATL","Isaia Cordinier",,"cordiis01",,,,,,,55,55,337,10,9,36,106,20.3821817608747,50,-6
2016,"Round 2",45,"BOS","Demetrius Jackson","Notre Dame","jacksde01","2017","2019",3,26,0.2,-0.1,39,25,608,11,11,9,38,10,22,23
2016,"Round 2",46,"DAL","A.J. Hammons","Purdue","hammoaj01","2017","2017",1,22,0,-0.1,41,25,409,10,10,27,53,8.91690030846544,42,4
2016,"Round 2",47,"ORL","Jake Layman","Maryland","laymaja01","2017","2019",3,141,2.7,0.2,23,16,320,9,9,38,74,9.98053661438658,53,-6
2016,"Round 2",48,"CHI","Paul Zipser",,"zipsepa01","2017","2018",2,98,-0.1,-1.2,46,51,432,10,10,22,79,16.7096113393194,40,8
2016,"Round 2",49,"DET","Michael Gbinije","Syracuse","gbinimi01","2017","2017",1,9,-0.1,-0.1,47,25,309,9,9,41,72,9.66953980290686,54,-5
2016,"Round 2",50,"IND","Georges Niang","Iowa State","niangge01","2017","2019",3,91,1,-0.1,30,25,180,6,6,58,87,10.0995049383621,67,-17
2016,"Round 2",51,"BOS","Ben Bentil","Providence College","bentibe01","2017","2017",1,3,-0.1,-0.1,47,25,439,10,10,18,53,10.2826715076061,39,12
2016,"Round 2",52,"UTA","Joel Bolomboy","Weber State","bolomjo01","2017","2018",2,18,0.3,-0.1,36,25,329,8,8,34,62,10.815828348173,52,0
2016,"Round 2",53,"DEN","Petr Cornelie",,"cornepe01",,,,,,,55,55,347,11,11,34,99,19.0654375530935,48,5
2016,"Round 2",54,"ATL","Kay Felder","Oakland","feldeka01","2017","2018",2,58,-0.4,-0.8,53,46,355,11,11,29,58,8.68645758952091,47,7
2016,"Round 2",55,"BRK","Marcus Paige","North Carolina","paigema01","2018","2018",1,5,0,0,41,22,150,6,5,64,115,18.9173641574789,74,-19
2016,"Round 2",56,"DEN","Daniel Hamilton","Connecticut","hamilda02","2018","2019",2,25,0,-0.2,41,36,233,6,6,44,79,15.8040079304797,61,-5
2016,"Round 2",57,"MEM","Wang Zhelin",,"sheliwa01",,,,,,,55,55,7,2,1,94,111,12.0208152801713,129,-72
2016,"Round 2",58,"BOS","Abdel Nader","Iowa State","naderab01","2018","2019",2,109,0.8,-1,31,48,,,,,,,,
2016,"Round 2",59,"SAC","Isaiah Cousins","Oklahoma","cousiis01",,,,,,,55,55,249,7,7,35,92,17.913814833942,60,-1
2016,"Round 2",60,"UTA","Tyrone Wallace","California","wallaty01","2018","2019",2,92,0.4,-0.7,35,44,131,6,6,59,94,14.1197261540961,79,-19
2017,"Round 1",1,"PHI","Markelle Fultz","Washington","fultzma01","2018","2019",2,33,0.5,-0.2,36,35,1240,18,18,1,3,0.548318880553316,1,0
2017,"Round 1",2,"LAL","Lonzo Ball","UCLA","balllo01","2018","2019",2,99,3.6,2.6,19,5,1218,18,18,1,5,1.04161764590537,2,0
2017,"Round 1",3,"BOS","Jayson Tatum","Duke","tatumja01","2018","2019",2,159,12.1,2.6,1,5,1168,18,18,2,9,2.36532687843141,6,-3
2017,"Round 1",4,"PHO","Josh Jackson","Kansas","jacksjo02","2018","2019",2,156,-2.4,-2.5,53,53,1197,18,18,1,6,1.37793062614107,3,1
2017,"Round 1",5,"SAC","De'Aaron Fox","Kentucky","foxde01","2018","2019",2,154,5,0.8,12,14,1169,18,18,2,8,1.54348726628258,4,1
2017,"Round 1",6,"ORL","Jonathan Isaac","Florida State","isaacjo01","2018","2019",2,102,4.2,1.1,15,12,1169,18,18,2,10,2.03643286742515,4,2
2017,"Round 1",7,"MIN","Lauri Markkanen","Arizona","markkla01","2018","2019",2,120,6,0.1,8,20,1068,18,18,6,30,5.34190487676618,9,-2
2017,"Round 1",8,"NYK","Frank Ntilikina",,"ntilila01","2018","2019",2,121,-1.7,-1.6,52,52,1043,18,18,7,49,9.36985152748211,11,-3
2017,"Round 1",9,"DAL","Dennis Smith","NC State","smithde03","2018","2019",2,122,-0.7,-0.3,51,38,1136,18,18,4,11,1.78226557735801,7,2
2017,"Round 1",10,"SAC","Zach Collins","Gonzaga","colliza01","2018","2019",2,143,3.5,0.4,20,18,1062,18,18,8,17,2.21993346187749,10,0
2017,"Round 1",11,"CHO","Malik Monk","Kentucky","monkma01","2018","2019",2,136,0.3,-1.1,39,51,1114,18,18,4,12,1.8959881966484,8,3
2017,"Round 1",12,"DET","Luke Kennard","Duke","kennalu01","2018","2019",2,136,5.1,0.4,11,17,966,17,17,11,36,6.17692575353678,14,-2
2017,"Round 1",13,"DEN","Donovan Mitchell","Louisville","mitchdo01","2018","2019",2,156,10.2,3.8,5,1,1017,18,18,9,20,2.6819415462527,12,1
2017,"Round 1",14,"MIA","Bam Adebayo","Kentucky","adebaba01","2018","2019",2,151,11,3.2,4,3,794,17,17,14,43,7.92752093881146,23,-9
2017,"Round 1",15,"POR","Justin Jackson","North Carolina","jacksju01","2018","2019",2,149,3.9,-0.4,18,41,901,17,17,10,40,6.73555098405643,17,-2
2017,"Round 1",16,"CHI","Justin Patton","Creighton","pattoju01","2018","2019",2,4,0,0,46,23,893,18,18,10,38,6.94728046665405,18,-2
2017,"Round 1",17,"MIL","D.J. Wilson","Michigan","wilsodj01","2018","2019",2,70,1.8,0.1,27,20,792,16,16,13,42,7.08490178713391,24,-7
2017,"Round 1",18,"IND","T.J. Leaf","UCLA","leaftj01","2018","2019",2,111,2.4,-0.2,24,34,820,17,17,12,40,8.10500934426286,21,-3
2017,"Round 1",19,"ATL","John Collins","Wake Forest","collijo01","2018","2019",2,135,11.4,3.3,3,2,916,18,18,8,35,8.1208196888184,16,3
2017,"Round 1",20,"POR","Harry Giles","Duke","gilesha01","2019","2019",1,58,1,0,31,23,883,17,17,12,31,6.45630107177568,19,1
2017,"Round 1",21,"OKC","Terrance Ferguson",,"fergute01","2018","2019",2,135,4,-0.1,17,29,767,18,18,18,60,11.3461576808031,26,-5
2017,"Round 1",22,"BRK","Jarrett Allen","Texas","allenja01","2018","2019",2,152,11.8,3.2,2,3,924,18,18,11,32,5.76557283063526,15,7
2017,"Round 1",23,"TOR","OG Anunoby","Indiana","anunoog01","2018","2019",2,141,5,1.3,12,9,983,18,18,4,35,8.32607527060407,13,10
2017,"Round 1",24,"UTA","Tyler Lydon","Syracuse","lydonty01","2018","2019",2,26,0.2,0,42,23,676,16,16,22,50,8.88608462710096,36,-12
2017,"Round 1",25,"ORL","Anzejs Pasecniks",,"pasecan01",,,,,,,54,54,725,15,15,16,77,15.5471632690432,29,-4
2017,"Round 1",26,"POR","Caleb Swanigan","Purdue","swanica01","2018","2019",2,48,-0.2,-0.5,49,42,724,15,15,16,44,8.4216274866447,30,-4
2017,"Round 1",27,"BRK","Kyle Kuzma","Utah","kuzmaky01","2018","2019",2,147,6.9,0.6,6,15,526,14,14,16,71,13.2954590281506,41,-14
2017,"Round 1",28,"LAL","Tony Bradley","North Carolina","bradlto01","2018","2019",2,12,0.1,-0.1,44,29,681,16,16,13,50,10.3786640116475,34,-6
2017,"Round 1",29,"SAS","Derrick White","Colorado","whitede01","2018","2019",2,84,4.1,1.4,16,8,789,15,15,16,36,5.76277049773143,25,4
2017,"Round 1",30,"UTA","Josh Hart","Villanova","hartjo01","2018","2019",2,130,5.5,1.3,10,11,698,16,16,18,51,8.76712609696017,32,-2
2017,"Round 2",31,"CHO","Frank Jackson","Duke","jacksfr01","2019","2019",1,61,0.4,-0.9,38,48,626,15,15,23,47,6.59220318688243,37,-6
2017,"Round 2",32,"PHO","Davon Reed","Miami","reedda01","2018","2019",2,31,-0.2,-0.3,48,36,304,14,13,29,115,22.3180063310639,56,-24
2017,"Round 2",33,"ORL","Wesley Iwundu","Kansas State","iwundwe01","2018","2019",2,130,2.6,-0.6,23,44,552,15,15,19,63,13.9379577652778,40,-7
2017,"Round 2",34,"SAC","Frank Mason","Kansas","masonfr01","2018","2019",2,90,0.8,-0.7,35,45,493,14,14,29,55,8.18635960097549,45,-11
2017,"Round 2",35,"ORL","Ivan Rabb","California","rabbiv01","2018","2019",2,85,3.3,0.3,21,19,723,16,16,17,42,7.50083328704218,31,4
2017,"Round 2",36,"PHI","Jonah Bolden",,"boldejo01","2019","2019",1,44,1.4,0.5,28,16,681,16,16,16,54,11.8370886060157,34,2
2017,"Round 2",37,"BOS","Semi Ojeleye","Southern Methodist","ojelese01","2018","2019",2,129,1.9,-0.7,26,45,752,17,17,15,45,8.6928807923834,28,9
2017,"Round 2",38,"CHI","Jordan Bell","Oregon","belljo01","2018","2019",2,125,4.5,1.5,14,7,765,17,17,10,42,7.58287544405155,27,11
2017,"Round 2",39,"PHI","Jawun Evans","Oklahoma State","evansja01","2018","2019",2,56,-0.4,-0.6,50,43,811,17,17,15,35,6.03908836127558,22,17
2017,"Round 2",40,"NOP","Dwayne Bacon","Florida State","bacondw01","2018","2019",2,96,1.1,-1,30,49,437,13,13,37,74,9.57293192501783,52,-12
2017,"Round 2",41,"ATL","Tyler Dorsey","Oregon","dorsety01","2018","2019",2,104,1,-0.8,31,47,506,14,14,34,56,6.27221327289334,43,-2
2017,"Round 2",42,"UTA","Thomas Bryant","Indiana","bryanth01","2018","2019",2,87,5.7,1.3,9,9,491,14,14,26,68,9.63766649063016,46,-4
2017,"Round 2",43,"HOU","Isaiah Hartenstein",,"harteis01","2019","2019",1,28,0.5,0.1,36,20,689,16,16,18,59,11.3129719054426,33,10
2017,"Round 2",44,"NYK","Damyean Dotson","Oregon","dotsoda01","2018","2019",2,117,2.1,-0.3,25,38,286,12,11,47,106,15.8370011700639,57,-13
2017,"Round 2",45,"HOU","Dillon Brooks","Oregon","brookdi01","2018","2019",2,100,1.2,-1,29,49,424,11,11,36,57,7.32120208708925,54,-9
2017,"Round 2",46,"PHI","Sterling Brown","Southern Methodist","brownst02","2018","2019",2,112,2.8,-0.3,22,38,447,15,15,27,82,14.7347984619501,50,-4
2017,"Round 2",47,"IND","Ike Anigbogu","UCLA","anigbik01","2018","2019",2,14,0,0,46,23,836,18,18,13,45,7.82905598696668,20,27
2017,"Round 2",48,"MIL","Sindarius Thornwell","South Carolina","thornsi01","2018","2019",2,137,1,-0.1,31,29,522,14,14,21,62,12.039541081393,42,6
2017,"Round 2",49,"DEN","Vlatko Cancar",,"cancavl01",,,,,,,54,54,187,6,6,56,99,16.8927992549094,72,-23
2017,"Round 2",50,"PHI","Mathias Lessort",,"lessoma01",,,,,,,54,54,505,15,15,27,61,10.8276541890705,44,6
2017,"Round 2",51,"DEN","Monte Morris","Iowa State","morrimo01","2018","2019",2,85,6.4,1.1,7,12,477,14,14,23,61,10.9885054828786,47,4
2017,"Round 2",52,"NOP","Edmond Sumner","Xavier","sumneed01","2018","2019",2,24,0.1,-0.1,44,29,440,15,15,35,60,7.587583842794,51,1
2017,"Round 2",53,"BOS","Kadeem Allen","Arizona","allenka01","2018","2019",2,37,0.9,0,34,23,199,7,7,53,86,11.2079903470269,67,-14
2017,"Round 2",54,"PHO","Alec Peters","Valparaiso","peteral01","2018","2018",1,20,0.3,-0.1,39,29,460,15,14,28,105,17.954174471481,48,6
2017,"Round 2",55,"UTA","Nigel Williams-Goss","Gonzaga","willini01",,,,,,,54,54,276,9,9,51,77,9.07070988279185,58,-3
2017,"Round 2",56,"BOS","Jabari Bird","California","birdja01","2018","2018",1,13,0.2,0,42,23,19,3,3,92,98,3.05505046330389,125,-69
2017,"Round 2",57,"BRK","Aleksandar Vezenkov",,"vezenal01",,,,,,,54,54,254,8,8,41,100,16.6540428382163,62,-5
2017,"Round 2",58,"NYK","Ognjen Jaramaz",,"jaramog01",,,,,,,54,54,112,6,5,66,119,18.2062260412933,84,-26
2017,"Round 2",59,"SAS","Jaron Blossomgame","Clemson","blossja01","2019","2019",1,27,0.3,-0.3,39,36,373,13,13,39,64,6.99358680579975,55,4
2017,"Round 2",60,"ATL","Alpha Kaba",,"kabaal01",,,,,,,54,54,262,8,8,40,81,11.259916264596,60,0
2018,"Round 1",1,"PHO","Deandre Ayton","Arizona","aytonde01","2019","2019",1,71,5.8,1.2,2,3,1347,20,20,1,8,1.9324105480761,2,-1
2018,"Round 1",2,"SAC","Marvin Bagley","Duke","baglema01","2019","2019",1,62,3.6,0.1,4,14,1301,20,20,2,9,2.07427856830932,4,-2
2018,"Round 1",3,"ATL","Luka Doncic",,"doncilu01","2019","2019",1,72,4.9,3.6,3,1,1362,20,20,1,4,0.864504725870618,1,2
2018,"Round 1",4,"MEM","Jaren Jackson","Michigan State","jacksja02","2019","2019",1,58,3.3,0.8,6,6,1330,20,20,1,5,1.21828179265546,3,1
2018,"Round 1",5,"DAL","Trae Young","Oklahoma","youngtr01","2019","2019",1,81,3.3,0.6,6,7,1261,20,20,2,15,3.36975713633709,6,-1
2018,"Round 1",6,"ORL","Mohamed Bamba","Texas","bambamo01","2019","2019",1,47,1.7,0.4,13,11,1283,20,20,2,12,2.66112362496905,5,1
2018,"Round 1",7,"CHI","Wendell Carter","Duke","cartewe01","2019","2019",1,44,1.9,0.4,12,11,1241,20,20,3,15,3.12671005842782,7,0
2018,"Round 1",8,"CLE","Collin Sexton","Alabama","sextoco01","2019","2019",1,82,-0.6,-2.1,52,52,1108,20,20,7,24,5.04088546941799,13,-5
2018,"Round 1",9,"NYK","Kevin Knox","Kentucky","knoxke01","2019","2019",1,75,-1.3,-2.2,53,53,1096,20,20,7,38,6.96608324594773,15,-6
2018,"Round 1",10,"PHI","Mikal Bridges","Villanova","bridgmi01","2019","2019",1,82,2.9,1.1,9,4,1201,20,20,6,18,2.98901497592698,9,1
2018,"Round 1",11,"CHO","Shai Gilgeous-Alexander","Kentucky","gilgesh01","2019","2019",1,82,3.3,0.9,6,5,1186,20,20,6,15,2.39517057957532,10,1
2018,"Round 1",12,"LAC","Miles Bridges","Michigan State","bridgmi02","2019","2019",1,80,2.9,0.6,9,7,1183,20,20,4,18,3.43779304970959,11,1
2018,"Round 1",13,"LAC","Jerome Robinson","Boston College","robinje01","2019","2019",1,33,0.1,-0.2,30,36,793,18,18,11,58,12.5860437283535,28,-15
2018,"Round 1",14,"DEN","Michael Porter","Missouri","portemi01",,,,,,,54,54,1237,20,20,6,12,1.8202082009311,8,6
2018,"Round 1",15,"WAS","Troy Brown","Oregon","browntr01","2019","2019",1,52,0.6,-0.3,22,41,964,20,20,13,39,6.20186729096462,18,-3
2018,"Round 1",16,"PHO","Zhaire Smith","Texas Tech","smithzh01","2019","2019",1,6,0.1,-0.1,30,25,1128,20,20,5,26,4.87096661756922,12,4
2018,"Round 1",17,"MIL","Donte DiVincenzo","Villanova","divindo01","2019","2019",1,27,0.6,0,22,17,928,18,18,12,41,7.05626315220759,21,-4
2018,"Round 1",18,"SAS","Lonnie Walker","Miami","walkelo01","2019","2019",1,17,0,-0.1,35,25,1042,19,19,11,43,6.77888017111005,16,2
2018,"Round 1",19,"ATL","Kevin Huerter","Maryland","huertke01","2019","2019",1,75,1.5,0.1,15,14,1038,20,20,11,30,4.75615944135381,17,2
2018,"Round 1",20,"MIN","Josh Okogie","Georgia Tech","okogijo01","2019","2019",1,74,1.2,0.1,17,14,918,20,20,13,46,7.80620535889642,22,-2
2018,"Round 1",21,"UTA","Grayson Allen","Duke","allengr01","2019","2019",1,38,0,-0.5,35,49,733,18,18,23,65,10.9766537753805,35,-14
2018,"Round 1",22,"CHI","Chandler Hutchison","Boise State","hutchch01","2019","2019",1,44,0.6,-0.5,22,49,876,18,18,16,45,7.57878014569179,23,-1
2018,"Round 1",23,"IND","Aaron Holiday","UCLA","holidaa01","2019","2019",1,50,0.9,-0.1,20,25,807,18,18,18,49,8.99546000233422,27,-4
2018,"Round 1",24,"POR","Anfernee Simons",,"simonan01","2019","2019",1,20,0.1,-0.2,30,36,750,17,17,15,56,8.55217550582031,32,-8
2018,"Round 1",25,"LAL","Moritz Wagner","Michigan","wagnemo01","2019","2019",1,43,0.2,-0.3,28,41,666,16,16,26,51,6.71813466174453,38,-13
2018,"Round 1",26,"PHI","Landry Shamet","Wichita State","shamela01","2019","2019",1,79,3.6,0.5,4,9,672,18,18,14,52,10.1401937561254,37,-11
2018,"Round 1",27,"BOS","Robert Williams","Texas A&M","williro04","2019","2019",1,32,1.2,0.5,17,9,1102,20,20,11,19,2.25014619408092,14,13
2018,"Round 1",28,"GSW","Jacob Evans","Cincinnati","evansja02","2019","2019",1,30,-0.1,-0.3,43,41,780,20,19,15,105,18.9570150881575,31,-3
2018,"Round 1",29,"BRK","Dzanan Musa",,"musadz01","2019","2019",1,9,-0.1,-0.1,43,25,872,19,19,18,40,5.94861033454711,24,5
2018,"Round 1",30,"ATL","Omari Spellman","Villanova","spellom01","2019","2019",1,46,1.2,0.2,17,13,608,16,16,29,54,7.4375175069822,42,-12
2018,"Round 2",31,"PHO","Elie Okobo",,"okoboel01","2019","2019",1,53,-0.5,-0.9,51,51,939,19,19,17,32,4.38831515977607,19,12
2018,"Round 2",32,"MEM","Jevon Carter","West Virginia","carteje01","2019","2019",1,39,0,-0.3,35,41,655,17,17,25,56,9.26608299755874,39,-7
2018,"Round 2",33,"DAL","Jalen Brunson","Villanova","brunsja01","2019","2019",1,73,2.6,-0.2,11,36,743,18,18,21,64,9.12315878102485,34,-1
2018,"Round 2",34,"ATL","Devonte' Graham","Kansas","grahade01","2019","2019",1,46,0.5,-0.4,25,46,474,16,16,37,86,12.6464751347296,47,-13
2018,"Round 2",35,"ORL","Melvin Frazier","Tulane","frazime01","2019","2019",1,10,-0.1,-0.1,43,25,793,18,18,18,44,8.43525902217838,28,7
2018,"Round 2",36,"NYK","Mitchell Robinson",,"robinmi01","2019","2019",1,66,6.1,2.7,1,2,872,20,20,16,40,6.84874172077578,24,12
2018,"Round 2",37,"SAC","Gary Trent","Duke","trentga02","2019","2019",1,15,-0.2,-0.2,49,36,673,17,17,22,55,9.30211867074947,36,1
2018,"Round 2",38,"PHI","Khyri Thomas","Creighton","thomakh01","2019","2019",1,26,0,-0.2,35,36,788,18,18,17,56,9.00471916942785,30,8
2018,"Round 2",39,"PHI","Isaac Bonga",,"bongais01","2019","2019",1,22,-0.1,-0.1,43,25,442,15,15,31,81,12.6630320599918,51,-12
2018,"Round 2",40,"BRK","Rodions Kurucs",,"kurucro01","2019","2019",1,63,1.6,-0.1,14,25,474,15,15,33,98,14.5928880264457,47,-7
2018,"Round 2",41,"ORL","Jarred Vanderbilt","Kentucky","vandeja01","2019","2019",1,17,0.1,0,30,17,612,16,16,24,55,10.0457287772798,41,0
2018,"Round 2",42,"DET","Bruce Brown","Miami","brownbr01","2019","2019",1,74,1.5,0,15,17,747,16,16,23,52,6.73021792613979,33,9
2018,"Round 2",43,"DEN","Justin Jackson","Maryland","jacksju02",,,,,,,54,54,428,14,14,31,68,10.4134317321218,54,-11
2018,"Round 2",44,"WAS","Issuf Sanon",,"sanonis01",,,,,,,54,54,327,9,8,35,143,32.0108488554184,62,-18
2018,"Round 2",45,"BRK","Hamidou Diallo","Kentucky","diallha01","2019","2019",1,51,0.8,-0.4,21,46,551,16,16,33,58,7.18766304162904,43,2
2018,"Round 2",46,"HOU","De'Anthony Melton","USC","meltode01","2019","2019",1,50,0,-0.1,35,25,930,20,20,13,40,7.93460110760724,20,26
2018,"Round 2",47,"LAL","Sviatoslav Mykhailiuk","Kansas","mykhasv01","2019","2019",1,42,-0.1,-0.4,43,46,374,10,10,44,63,5.8309518948453,56,-9
2018,"Round 2",48,"MIN","Keita Bates-Diop","Ohio State","bateske01","2019","2019",1,30,0.3,-0.1,26,25,859,18,18,18,37,5.26084314423413,26,22
2018,"Round 2",49,"SAS","Chimezie Metu","USC","metuch01","2019","2019",1,29,-0.3,-0.3,50,41,438,15,15,38,95,13.6458610504989,52,-3
2018,"Round 2",50,"IND","Alize Johnson","Missouri State","johnsal02","2019","2019",1,14,0,-0.1,35,25,329,14,14,40,79,10.5770329664621,60,-10
2018,"Round 2",51,"NOP","Tony Carr","Pennsylvania State","carrto01",,,,,,,54,54,352,14,14,47,94,10.9504377954531,58,-7
2018,"Round 2",52,"UTA","Vince Edwards","Purdue","edwarvi01","2019","2019",1,2,0,0,35,17,337,14,14,43,75,8.95808309557646,59,-7
2018,"Round 2",53,"OKC","Devon Hall","Virginia","hallde01",,,,,,,54,54,324,12,11,36,106,18.7040345671972,63,-10
2018,"Round 2",54,"DAL","Shake Milton","Southern Methodist","miltosh01","2019","2019",1,20,0.3,0,26,17,630,17,16,21,104,19.0664472769498,40,14
2018,"Round 2",55,"CHO","Arnoldas Kulboka",,"kulboar01",,,,,,,54,54,285,12,12,45,71,8.54356039613604,64,-9
2018,"Round 2",56,"PHI","Ray Spalding","Louisville","spaldra01","2019","2019",1,14,0.2,-0.1,28,25,409,10,10,45,57,3.40750805004348,55,1
2018,"Round 2",57,"OKC","Kevin Hervey","Texas at Arlington","herveke01",,,,,,,54,54,494,15,15,36,63,8.22597511950204,46,11
2018,"Round 2",58,"DEN","Thomas Welsh","UCLA","welshth01","2019","2019",1,11,0.1,0,30,17,98,4,4,63,91,11.9023807142381,88,-30
2018,"Round 2",59,"PHO","George King","Colorado","kingge03","2019","2019",1,1,0,0,35,17,214,7,7,60,97,13.0748759440532,71,-12
2018,"Round 2",60,"PHI","Kostas Antetokounmpo","Dayton","antetko01","2019","2019",1,2,-0.1,0,43,17,259,7,7,47,86,11.8602979164381,67,-7
2019,"Round 1",1,"NOP","Zion Williamson","Duke","willizi01",,,,,,,1,1,1501,22,22,1,1,0,1,0
2019,"Round 1",2,"MEM","Ja Morant","Murray State","moranja01",,,,,,,1,1,1467,22,22,2,6,1.01076457280863,2,0
2019,"Round 1",3,"NYK","RJ Barrett","Duke","barrerj01",,,,,,,1,1,1441,22,22,2,8,1.60895760936843,3,0
2019,"Round 1",4,"LAL","De'Andre Hunter","Virginia","huntede01",,,,,,,1,1,1341,22,22,4,17,3.96630832533248,5,-1
2019,"Round 1",5,"CLE","Darius Garland","Vanderbilt","garlada01",,,,,,,1,1,1340,22,22,3,19,4.2018857856734,6,-1
2019,"Round 1",6,"PHO","Jarrett Culver","Texas Tech","culveja01",,,,,,,1,1,1425,22,22,2,12,2.1320071635561,4,2
2019,"Round 1",7,"CHI","Coby White","North Carolina","whiteco01",,,,,,,1,1,1336,22,22,4,15,3.36296354567275,7,0
2019,"Round 1",8,"ATL","Jaxson Hayes","Texas","hayesja02",,,,,,,1,1,1239,22,22,5,28,5.62231176744848,10,-2
2019,"Round 1",9,"WAS","Rui Hachimura","Gonzaga","hachiru01",,,,,,,1,1,1028,21,21,5,45,10.2171657611334,20,-11
2019,"Round 1",10,"ATL","Cam Reddish","Duke","reddica01",,,,,,,1,1,1319,22,22,6,18,3.70561759111781,8,2
2019,"Round 1",11,"MIN","Cameron Johnson","North Carolina","johnsca02",,,,,,,1,1,988,22,22,8,42,7.37683868047478,22,-11
2019,"Round 1",12,"CHO","PJ Washington","Kentucky","washipj01",,,,,,,1,1,1212,22,22,7,21,4.42175847960379,13,-1
2019,"Round 1",13,"MIA","Tyler Herro","Kentucky","herroty01",,,,,,,1,1,1021,22,22,13,56,9.33827945627369,21,-8
2019,"Round 1",14,"BOS","Romeo Langford","Indiana","langfro01",,,,,,,1,1,1147,22,22,9,32,5.18155235894465,15,-1
2019,"Round 1",15,"DET","Sekou Doumbouya",,"doumbse01",,,,,,,1,1,1223,22,22,7,30,5.85170267891528,12,3
2019,"Round 1",16,"ORL","Chuma Okeke","Auburn","okekech01",,,,,,,1,1,978,21,21,11,38,7.54731109481415,23,-7
2019,"Round 1",17,"BRK","Nickeil Alexander-Walker","Virginia Tech","alexani01",,,,,,,1,1,1097,22,22,12,29,4.7363382937561,19,-2
2019,"Round 1",18,"IND","Goga Bitadze",,"bitadgo01",,,,,,,1,1,1226,22,22,5,25,5.70505206353273,11,7
2019,"Round 1",19,"SAS","Luka Samanic",,"samanlu01",,,,,,,1,1,760,19,19,23,82,13.6741528490927,34,-15
2019,"Round 1",20,"BOS","Matisse Thybulle","Washington","thybuma01",,,,,,,1,1,939,22,22,11,58,9.98917162649385,25,-5
2019,"Round 1",21,"OKC","Brandon Clarke","Gonzaga","clarkbr01",,,,,,,1,1,1313,22,22,2,23,6.39737500279661,9,12
2019,"Round 1",22,"BOS","Grant Williams","Tennessee","willigr01",,,,,,,1,1,1104,22,22,5,46,11.6434214932409,18,4
2019,"Round 1",23,"UTA","Darius Bazley",,"bazleda01",,,,,,,1,1,738,18,18,20,56,10.3426586637718,37,-14
2019,"Round 1",24,"PHI","Ty Jerome","Virginia","jeromty01",,,,,,,1,1,833,19,19,17,52,8.67509711424146,30,-6
2019,"Round 1",25,"POR","Nassir Little","North Carolina","littlna01",,,,,,,1,1,1149,22,22,8,36,6.6975475255606,14,11
2019,"Round 1",26,"CLE","Dylan Windler","Belmont","windldy01",,,,,,,1,1,770,19,19,22,49,8.23308118088205,33,-7
2019,"Round 1",27,"BRK","Mfiondu Kabengele","Florida State","kabenmf01",,,,,,,1,1,884,19,19,10,64,12.807846644636,28,-1
2019,"Round 1",28,"GSW","Jordan Poole","Michigan","poolejo01",,,,,,,1,1,431,16,15,27,111,19.6112212776257,55,-27
2019,"Round 1",29,"SAS","Keldon Johnson","Kentucky","johnske04",,,,,,,1,1,958,19,19,9,62,11.8096501327224,24,5
2019,"Round 1",30,"MIL","Kevin Porter Jr.","USC","porteke02",,,,,,,1,1,1117,22,22,9,35,6.43448501456002,16,14
2019,"Round 2",31,"BRK","Nicolas Claxton","Georgia","claxtni01",,,,,,,1,1,912,19,19,10,40,7.06527626175868,26,5
2019,"Round 2",32,"PHO","KZ Okpala","Stanford","okpalkz01",,,,,,,1,1,750,21,21,23,75,13.8972419326042,35,-3
2019,"Round 2",33,"PHI","Carsen Edwards","Purdue","edwarca01",,,,,,,1,1,824,21,21,14,43,6.7128164552522,31,2
2019,"Round 2",34,"PHI","Bruno Fernando","Maryland","fernabr01",,,,,,,1,1,847,18,18,10,53,10.705810529099,29,5
2019,"Round 2",35,"ATL","Marcos Louzada Silva",,"louzama01",,,,,,,1,1,365,10,10,38,89,13.0281745971311,59,-24
2019,"Round 2",36,"CHO","Cody Martin","Nevada","martico01",,,,,,,1,1,313,12,11,28,110,22.6038009675766,64,-28
2019,"Round 2",37,"DAL","Deividas Sirvydis",,"sirvyde01",,,,,,,1,1,520,14,14,36,78,10.118256810297,44,-7
2019,"Round 2",38,"CHI","Daniel Gafford","Arkansas","gaffoda01",,,,,,,1,1,739,20,20,18,54,7.85995848388661,36,2
2019,"Round 2",39,"NOP","Alen Smailagic",,"smailal01",,,,,,,1,1,336,10,9,24,101,28.1403229863798,62,-23
2019,"Round 2",40,"SAC","Justin James","Wyoming","jamesju01",,,,,,,1,1,113,5,5,54,97,20.0823305420462,89,-49
2019,"Round 2",41,"GSW","Eric Paschall","Villanova","pascher01",,,,,,,1,1,612,16,16,25,80,15.6544722044533,41,0
2019,"Round 2",42,"PHI","Admiral Schofield","Tennessee","schofad01",,,,,,,1,1,485,16,16,36,92,14.5642255773064,48,-6
2019,"Round 2",43,"MIN","Jaylen Nowell","Washington","nowelja01",,,,,,,1,1,389,15,15,41,81,13.3961614971283,58,-15
2019,"Round 2",44,"MIA","Bol Bol","Oregon","bolbo01",,,,,,,1,1,1115,22,22,5,37,7.70730805162201,17,27
2019,"Round 2",45,"DET","Isaiah Roby","Nebraska","robyis01",,,,,,,1,1,675,18,18,20,57,8.87826162104748,38,7
2019,"Round 2",46,"ORL","Talen Horton-Tucker","Iowa State","hortota01",,,,,,,1,1,887,21,21,12,66,13.2688320797991,27,19
2019,"Round 2",47,"SAC","Ignas Brazdeikis","Michigan","brazdig01",,,,,,,1,1,479,16,16,27,76,16.4595463687997,49,-2
2019,"Round 2",48,"LAC","Terance Mann","Florida State","mannte01",,,,,,,1,1,430,13,13,40,68,8.97075019016576,56,-8
2019,"Round 2",49,"SAS","Quinndary Weatherspoon","Mississippi State","weathqu01",,,,,,,1,1,355,10,10,46,89,13.4313067123047,60,-11
2019,"Round 2",50,"IND","Jarrell Brantley","College of Charleston","brantja01",,,,,,,1,1,13,3,2,89,109,10.0166528008778,132,-82
2019,"Round 2",51,"BOS","Tremont Waters","Louisiana State","watertr01",,,,,,,1,1,462,12,12,24,69,10.566886528637,51,0
2019,"Round 2",52,"CHO","Jalen McDaniels","San Diego State","mcdanja01",,,,,,,1,1,507,16,16,36,68,10.7641379899492,46,6
2019,"Round 2",53,"UTA","Justin Wright-Foreman","Hofstra","wrighju02",,,,,,,1,1,275,11,10,44,113,21.7268162751597,67,-14
2019,"Round 2",54,"PHI","Marial Shayok","Iowa State","shayoma01",,,,,,,1,1,93,7,5,58,112,22.8212515828892,94,-40
2019,"Round 2",55,"NYK","Kyle Guy","Virginia","guyky01",,,,,,,1,1,152,6,6,56,91,12.5658266739598,78,-23
2019,"Round 2",56,"LAC","Jaylen Hands","UCLA","handsja01",,,,,,,1,1,144,8,7,60,114,15.9821328810823,79,-23
2019,"Round 2",57,"NOP","Jordan Bone","Tennessee","bonejo01",,,,,,,1,1,342,11,11,43,79,12.917922715078,61,-4
2019,"Round 2",58,"GSW","Miye Oni","Yale","onimi01",,,,,,,1,1,400,13,13,49,76,8.92058983907023,57,1
2019,"Round 2",59,"TOR","Dewan Hernandez","Miami","hernade01",,,,,,,1,1,90,7,6,74,132,18.9686458085316,96,-37
2019,"Round 2",60,"SAC","Vanja Marinkovic",,"marinva01",,,,,,,1,1,29,4,2,85,113,12.9871731591854,119,-59
